		September 19
		(ツン)デレ少女とイチャラブえっち!! ～快楽を知ってしまった末路はお〇んぽ依存症に～
		[NTRPG] Wife Punishment 妻子的惩罚!!~风情客栈的公交车~
		[NTRPG] Xiu Lu Ji 修绿记
		[red7cat] ElfWork
		[Tongue kissing Specialization] My girlfriend's here for a visit.
		【IQ3でできるエロRPG】トレジャーハンターアンナ～新米アンナと処女の穴～
		【REDACTED】：SexCP-069
		【VR】Physical Exam / イタズラ身体測定
		~necromancy~Emily's Escape
		～ハズレ転生～ 最底辺から始める異世界経営 - Isekai Junior Manager - (- Isekai Junior Manager - ハズレ転生:最底辺から始める異世界経営)
		🌟K-POP STAR🌟
		14 Days of Desire
		18+ MEMORY
		2048 art (2048 art)
		24 Lustful Hours
		28 Babes Later
		3 Days in Another World
		3 Triplets, 18 Tits
		3001: A MILF Odyssey (3001: A MILF Odyssey - NSFW Sci-Fi Porn)
		3D Hentai Blackjack
		3D Hentai Checkers
		3D Hentai Chess
		3D Hentai Puzzle
		3D Hentai Puzzle 2
		3D Hentai SeaBattle
		3D Pinball Hentai
		3DXChat
		3XO: XXX Online
		4 Kingdoms Supremacy
		4 Seasons Girls
		5 Girls, 1 Honey
		53X Homecoming
		69 Andariel Hot
		69 Berta Hot
		69 Cindy Love
		69 Days After
		69 Ember Hot
		69 Erika Love
		69 Estera Hot
		69 Hitomi Love
		69 Iris Hot
		69 Lily Hot
		69 Lisa Love
		69 LOVE
		69 Mary Love
		69 Megumi Love
		69 Mizuki Love
		69 Moriko Love
		69 Naomi Hot
		69 Natasha Hot
		69 Penny Hot
		69 Samantha Love
		69 Summon Succubus
		69 Yuki Love
		69 Yuuko Hot
		7 Angels
		7 Sexy Sins
		7 дней лета: Youth Sky (7 summer days: Youth sky)
		8 Days of School
		8th Heaven
		9 Ways : Hentai Harem
		A College of Thirst & Claws - Season 1
		A Court of Chaos (Court of Chaos)
		A Crown of Thorns
		A Date for the Ages
		A Day in the Life of Maria
		A Day in the Park
		A different summer
		A Dream That Changes Everything
		A Familiar World
		A fascinating story 2
		A Femboy Polished My Knob
		A Few Days With Amber
		A Few Days With Bianca
		A Few Days With Cassandra
		A Few Days With Darlene
		A Few Days With Emma
		A Few Days With Hazel
		A Few Days With Olivia
		A Few Days With Rebecca
		A Few Days With Samantha
		A Few Days With The Fairies
		A Few Days With Tiffany
		A Few Days With Valentina
		A Few Days With Violette
		A Few Days With Zoey
		A Few Nights With Francesca
		A Few Nights With Margaret
		A Foreign World
		A furry house (Furry house)
		A Futanari SPAT in my MOUTH!
		A Handful of Lewd Games
		A Heart Sprouting Pink A Memory Burning Red
		A Hot Springs Vacation with my Married Office Lady Superior
		A Kiss from Death
		A Lazy Magic Teacher
		A Lily from the Lightless Water
		A Long Journey
		A Lose Hero in the Castle of the Succubi
		A Loving Family (A Loving Family - Episode 1)
		A Match with a Succubus Witch
		A Moment of Bliss
		A Nerd who has sex with girls in "Another world" has become a HERO
		A Night With Angel
		A Night With Maru
		A night with Natalie
		A night with Natalie VR
		A Night With Neil
		A Night With: Bartender
		A Night With: Brazilian Waifu
		A Night With: Emily
		A Night With: Spirit
		A Night With: Succubus
		A Night With: SuperHero
		A Promise Best Left Unkept
		A Promise Best Left Unkept - Aya Edition
		A Sex Slave's Love Story
		A Sexy Tour With Akiko
		A Sexy Tour With Carmen
		A Sexy Tour With Elsie
		A Sexy Tour With Fiona
		A Sexy Tour With Marie
		A Sexy Tour With Riley
		A Sexy Tour With Stella
		A Sexy Tour With Tanvi
		A Sexy Tour With Xiang
		A Sexy Tour With Yeona
		A Shinobi's Fate
		A Shlong Adventure
		A Shot in the Dark - Part 1
		A Silent Statue
		A Sinful Camp
		A Soldier's Struggle
		A Tale of Fortunate Lust
		A Tale of Hard Nipples ~The secret to this town's confectionery's delicious sweets is rich, fresh milk~
		A Tale of Two Lovers
		A Touch of Magic
		A Town Uncovered
		A Week in the Office -Under the Table-
		A Whore New Ball Game
		A World of Wishes
		Abandoned Void
		Abdomen Expansion
		Abduction！？おっぱい星人
		Above The Clouds (Above The Clouds - Episode 1)
		Absorption Battle Racing
		Absurbia: A Trashy Satire of Suburban Outcries
		Abyss Of Pleasure
		Abyssal Agent Alyss
		Academy Life
		Academy Love Saga: Tennis Angels EX
		Accidental Hypnosis
		AChat
		AChat Next
		Aconite
		Acting Lessons
		Actual Roommates!
		Adorable Crush
		Adorable Girls
		Adorable Witch 4 ：Lust
		Adrianne and Oliver
		Adult Aura
		Adult Education
		Adult Fairy Tale -Collector Viscount-
		Adult Film Maker
		Adult Puzzles - CamGirls
		Adult Puzzles - Fantasy Ladies
		Adult Puzzles - Fantasy Ladies 2
		Adult Puzzles - Hentai Christmas
		Adult Puzzles - Hentai Halloween
		Adult Puzzles - Hentai NightClub
		Adult Puzzles - Pole Dancer
		ADULT SHERIFF
		Adult VR Game Room
		Advanced Rogue Intelligence Assault: Genesis (ARIA: Genesis)
		Adventure With Succubus
		Adventurer Liz and the Erotic Dungeon
		Adventures of Tara
		Adventures Of Willy Dickhard
		Adverse Effect
		Aeons Echo
		Aeos: The 18 Plus NSFW Adventure Generator
		Affair
		Affectionate Annie
		AFK_GF
		After the Inferno
		AFTERLIFE - FPS Horror Shooter (AFTERLIFE)
		Again!? The Sheriff’s Kinky Justice
		Agent Heart: Deception
		Agent Horny - Season 1
		Agent Lovesdick
		Agent Mirai and the Submission Machines
		Agony UNRATED
		Agony VR
		AHEGAL
		AHEGAL SEASONS
		AI Dreams of Roses of Desert
		Ai no Uta
		AI Solitaire
		Aikagura
		Aim Sex
		Aisha’s Futa Diaries
		Aisu Paradise
		AI桌面伴侣 - 艾露芙 ErufuAI
		Akayo Therapy
		Akrivos VIP
		AKUMA (AKUMA: Cyberpunk Rhythm Action)
		Alchemist Tris's Desire
		Alchemist's Secret
		Alchemy Passage
		Alchemy Quest
		ALEON's Nightmare
		Alexa's Wild Night
		Alfa Male, Play With My Milf Housemaid
		Alice in dreamland
		Alien
		Alien Breeding Program: First Contact
		Alien Girls
		Alien:Chip
		Alisha's Sexual Fear
		Alison Fall of the Apple
		Alive
		All Idleness and Ephemera
		All is Fair in Love and Vore: The Tavorion Collection
		All Scars and Starlight
		All the Darkest Places
		All World Pro Wrestling
		Alluring Lunar Lullaby (Alluring Lullaby)
		Almastriga: Relics of Azathoth
		Alpha Hole Prison (Alpha Hole Prison - A Yaoi, Gay, Bara Visual Novel)
		AlphaFurry
		AlphaFurry 2
		Alternate Existence
		Alternative Punishment
		AMAERO : Gentle Guidance For A Virgin Boy
		AMAP
		Amara and the Stone Oasis
		Amare Inversus
		Amarillo's Butt Slapper
		Amazon Passion
		Amelia and the Erotic Tentacle Trap Dungeon
		America's Next Top Pornstar
		American MILF
		Amnesia
		Among Ass
		Among Ass 2: Butt Warfare
		Among Ass: Trilogy
		Among Waifus 18+
		Amorous
		Amplexus Protocol
		Amusement Park night
		amusement park:lust (Fantasy Amusement Park)
		An alien girl fell on my head, and now I must save our world by demonstrating great and beautiful love
		An Evening of Wonders
		Anal club
		Analistica Academy
		Ancient charm
		ANDOR Ladies
		Angel Emica - Fallen Angel and deserted land
		Angel Light The Elven Truce
		Angel Perversion
		Angel Sex Pet
		Angel, Devil, Elf and Me!
		Angel's Awakening
		Angela's love
		AngelLink (心灵连线-心靈連線 -Angel Link -エンジェルリンク -엔젤 링크)
		AngelShot - Chapter 1
		Angry Boy
		Angry Waifu
		Animal Cafe
		Animal Wish
		Animalia
		ANIME - World War II
		Anime Angels (feat. Tomozero)
		Anime Artist: Tiffy’s notty secret
		Anime Babes: Solitaire
		Anime Collector: Evo
		Anime Desktop Girls
		Anime Fantasy Jigsaw Puzzle 3D
		Anime Feet
		Anime Feet 2
		Anime Girls Fantasy Desire [UNCENSORED]
		Anime Girls Trample
		Anime Hunter
		Anime Prison - Gisele's Escape
		Anime Puzzle Quest
		ANIME REDEMPTION
		Anime RPG: Isekai Journey
		ANIME STANDING
		ANIME TETRIS
		Anime Vampire Slayer
		Animus Non Grata
		Anna bunny
		Anna The Series Test
		Anna: Exciting Affection
		Anna's Kingdom
		Anno Domini: Godfather
		Anolock
		Anomalous Coffee Machine
		Anomaly Evolution
		Another Hole to Seduce a Married Woman
		Another Man's Wife
		Another World Guardian
		Antarctic Girl 南極娘
		Antediluvian: Seed in Peril
		Anthophobia
		Anthro Heat
		AoA Academy
		AOA Academy: Christmas
		Apocalypse Slave x Warlord
		APOCALYPTIC PUSSY
		Apostle
		Aquilon Lust: From Chains to Trust (Aquilon Lust: Sex Arcana)
		Aquilon: Love and Lust in the Frost ✨❄️❤️‍🔥 (Aquilon Sex Chronicles 📖🔥)
		Aquilon's Sex Quest
		ARATAMAKAMI
		Arcana: Heat and Cold. Season 1
		Arcana: Heat and Cold. Season 2
		Arcana: Heat and Cold. Season 3 (Arcana: Heat and Cold. Season 3🔞)
		Arcana: Heat and Cold. Stories
		Arcane Heat
		Arcane Lust 18+
		Arctic Wolves
		Ardent Passions
		Aria Dating Simulator
		Ariana's Perverted Diary (Ariana's Perverted Diary: or how I turned my family into a free use home)
		Ariane in Paradise
		Aristocunts
		Aristocunts II Re:ERECTION
		Ark Mobius
		Ark Re:Code
		Armor Girl (Armor Girl Simulator)
		Aroma
		Arouse
		Arrow Tourney
		Art of Beauties
		Artemis (Artemis: Book One)
		Artemis Pearl ~Pirate Princess Luvina and the Mystical Treasure~
		Arthur's Quest: Between the Big Sword and the Bara Spirits
		Artifact
		Ascension
		Ash and Tor: Yuma's Quest
		Asher's Bakery
		Ashes of War
		Ashmedai: Queen of Lust
		Asian caprice
		Asistle
		Ass Sniffing Simulator
		Assassin Girls
		Assassin's Shadows
		Astarian Adventures
		Aster
		Astral Druids
		Astronomic Date
		Asura Girls
		At Home With Step-Sis Simulator
		At My Best Friend's House
		At Your Feet
		Ataegina Act I
		Atelier Agnes
		Atelier Tia
		Athena's Revenge
		Atomic Girls
		Atonia: Netorare Annals
		Attack it! Devil legion
		Augury Point
		AURA: Hentai Cards
		Aurelia
		Automata
		Autumn and Girls
		AV Company (AV Company | AV会社大冒险)
		AV Director Life!
		Avalon
		Avaria: Chains of Lust
		Awaken: Hentai Dice
		Awesome Jazz Clicker
		Awkward Girls
		Axxx: Taught and fucked
		Axyn Adventure
		Ayakashigami
		Ayane：The Pregnancy Planet
		Ayano the Exorcist
		Ayase, the Sexy Archer
		B.E.S.T
		B1NARY
		Back 4 Boobs: Sakura's Escape
		Back to the College
		Bacon Quest - Lovers' Beef Special Edition
		Bad Bad
		Bad Girl Confidential - The Pleasure Den
		Bad Impressions
		Bad Lady
		Bad Memories
		Bad Night - First Incursion
		Bad Santa
		BADASS
		Bal
		Baldr's Squid Isekai: A Parody
		Ball Hentai Puzzle
		Ballad of Bullets
		Ballbusting Amazons: The Escape
		Bambie
		Bancroft Academy
		BANG
		Banisher Of Lust
		Bankrupt Heroines
		Bankrupt Heroines 2
		Banzai Hentai!
		Bara At Your Desk
		Bara Giants
		Baracop - Gay Platform Action Game
		Baradroid - A Gay Visual Novel
		Baramon: Gotta Fu*k 'em All
		Barbara: Sex Story
		Bard Trainer
		Bare Boob Brawlerz Visual Novel: Vol 01
		BARE BOOB BRAWLERZ: POWER CLAW
		Bare Witness
		Bareback Reincarnation - It's Just That Easy to Brave a Different World
		Barely Working
		Bartending Master
		Baskin All-In: The Family
		Battle Babes 2
		Battle Babes 3
		Battle Heroine Crisis
		Battle Lust
		Battle Mages: Erotica
		Battle Mythic Maidens Arena
		Battle Of Witches
		Battle Sister Leah
		Battle Survive Hentai
		BATTLERCORE: TEAM BLAZER
		BB KONBINI (Boom Boom KONBINI)
		BDSM Apocalypse
		BDSM Clicker
		BDSM Fuel Station (BDSM Fuel Station - interactive physics simulation)
		BDSM Love
		BDSM Oasis (BDSM Oasis - interactive physics simulation)
		BDSM Sex - Episode 1
		BDSM Sex - Episode 2
		BDSM Sex - Episode 3
		BDSM Sex - Episode 4
		BDSM Sex - Episode 5
		BDSM Sex - Episode 6
		BDSM Sex - Episode 7
		BDSM Sex - Episode 8
		BDSM Sex - Episode 9
		BDSM VR
		BDSM Waifu
		Beach Bitch
		Beach Girl Block Crush!!
		Beach Simulator
		BeacHouSeX
		BeadsPopper
		Beat Banger
		Beauties Academy - Spellcraft Tournament
		Beautiful Defenders
		Beautiful Girl
		Beautiful Girls
		Beautiful Mystic Defenders
		Beautiful Vikings
		Beauty Contest
		Beauty Escort
		Beauty Paradise
		Beauty Shooter
		Because I Love Her
		Becoming a King
		Bedroom Blackjack
		Bedrooms on the Moon
		Bedtime Stories 1
		Bedtime Stories 2
		Bedtime Stories 3
		Beer Strip
		Being a DIK (Being a DIK - Season 1)
		Belly Dance Girl
		Below Sunshade
		Beneath steel clouds
		Benefitship
		Best Elf
		Best Friend
		Best Friends
		Beth the Exhibitionist
		Betrayed
		Between Her Toes
		Between Invisible Walls
		Between Two Worlds
		Bewitched game
		Beyond Eden
		Beyond Eden: Dear Edward
		Beyond the Edge
		Beyond the Portal: Island's Salvation
		BibleGames - Erstes Buch Mose - Teil 1
		Big Bad Futanari Wolf
		Big Bang Empire
		Big Bodacious Barbarians
		Big Boobie Boss Blackmail
		Big Buck Backshots
		Big Cock Simulator
		Big Dick at the Beach
		Big Red Hood: Halloween
		Big Tiddy Goth GF Simulator
		Big-Breasted Goth Mommies - Sex Puzzles
		Big-Breasted Milky Mommies - Sex Puzzles
		Big-Breasted Milky Mommies 3 - Sex Puzzles
		Bikes and Girls
		Bikini Island
		Bikini Island Challenge
		Bikini Tits
		Billy the Hero
		Bimbo Blaster
		Bindmancer
		BIO SECRET
		Bitchy Boss Bimbofication
		Black Dream (Black Dream Plus)
		Black Heaven: A Necromantic Dating Sim
		Black Knight - Milena
		Black Lilies - Eternal Summer
		Black Smith
		Black Smith2
		Black Smith3
		Black Smith4
		Black_Faith.
		BLACK★ACADEMY (Black Academy)
		BlackHoopS
		Blackjack & Hookers
		BLACKJACK and WAIFUS (BLACKJACK and WAIFUS Hentai Version)
		Blackjack Of Lust
		Blackstar
		Blamed
		Blazing Priestess Shizune
		Blind Date 3D
		Bliss Apartment (極樂宿舍)
		Bliss Valley
		Blonde
		Blondes
		Blood 'n Bikinis
		Blood & Lust [18+]🩸
		Blood and Lust
		Blood Crawler
		Blood Domination
		Blood Job
		Blood price
		Blood Raiders
		Blood Rose ~ Origin of the Plague
		Bloodcrave
		Bloodcrave R18: Prologue
		Bloodhounds
		BLOODSTAGE Possessed By A Tsundere Demon
		Bloom
		Bloom Runner
		Blowjob Simulator
		BL人狼 (BL Werewolf:Doki-Doki Summer vacation)
		BM Love Cafe
		Bo's Adventure: Merging Islands
		Bodacious Agents
		Bodacious Babes: Fantasy
		Bodacious Babes: Holidays
		Bodacious Babes: Nightlife
		Body Pay
		Body Pay "OMG! The girl with the big titties is too hitting on me!"
		Body Sushi
		Bodybuilder
		Bombshell Barista: Speed Dating
		Bondage Arena
		Bondage Fighting Erotic RPG - Elpis Aegis - (Restraint combat erotic RPG Elpis Aigis)
		Bondage Girl
		Bondage Mermaids - Fatal Fap
		Bondage Nightmare
		Bonding, Now
		Bonds
		Bonds Of Ecstasy
		BoneCraft
		BONERDALE - 2022 Edition
		BoneTown (BoneTown: The Second Coming Edition)
		Bongirl
		Bonjour, Cream Inside 💦
		Boo Party
		Boob Shaker
		Booble Hentai
		BOOBS
		Boobs Hidden Ibiza
		Boobs Hidden in Los Angeles (Boobs Hidden Los Angeles)
		Boobs Hidden Rio de Janeiro
		Boobs or gtfo (Boobs or [redacted])
		BOOBS SAGA: Prepare To Hentai Edition
		Boobs VR
		Boobs vs Zombies
		Boobsle
		BooBsxBooBs
		Book of Korvald
		BOOOOOOOOOOBS
		Booty Calls
		Booty Calls - Men At Work (Booty Calls: Men At Work)
		Booty Farm (Booty Farm [18+])
		Bootybuns 2
		Borage
		Border Conqueror
		Borderus
		Borderus: Angels & Demons
		Bored Wife
		Born to Breed
		Bounce Paradise
		Bouncing Agency
		Bound by Desire 🍆👩
		Bounded Together
		Boundless Lust
		Bowsette
		Boxed Girl
		Boy Teen Dream
		Boyfriend's Rescue - Gay Platform Game
		Boys Tale
		Brain Exam with Benefits
		Brain Exam with Benefits 2
		Brambles in the Mist
		Bratty Bottoms!
		Brave Princess Milia
		Break Hentai Gallery
		Break Wolf
		Breast Simulator
		Breathe With You
		Breed Laboratory
		Breeders
		Breeders of the Nephelym
		Breeding EVERYONE!
		Breeding Village
		Breeding Visa
		Breeze of Passion
		Brick Breaker: Eliminate Mosaic and Reveal Beauty 打砖块: 消除马赛克 揭开真面目
		Bride Corruption (Bride Corruption 💍)
		Bride for the Princess
		Bright girl
		Bright Lord
		Bright Past
		Bring me a man, Santa
		Brittany Home Alone
		Broke in Isekai
		Broken Ecchi Gallery
		Broken Hearts Island
		Broken Spell
		Brooks in Wild West
		Brothel of Darkness
		Brothel Secrets 🔞
		Brothel Simulator (Brothel Simulator (妓院模拟器))
		Brothel Simulator 🍓
		Brothel Simulator II 💋
		Brothel Tycoon
		Brutal War
		bubble girl
		Bubble Girl (Duck Creator)
		Bubble Milf
		Bubbles and Sisters (Bubbles & Babes)
		Bubbles Swimsuit
		Budo Girl War - Maid
		Budo War Girl:maid of desire
		BUGFIXER INO
		Building our Futature
		BullTales 🦬
		Bunkered with Femboy
		Bunniiies
		Bunny Battle
		BUNNY BOND
		Bunny Dance
		BUNNY GARDEN
		Bunny Girl Cumming for my Carrot
		Burning High The Warrior of Fire
		Bussy Master: CLUB LEATHER
		Bussy Master: CYBERBUSSY 2069
		Bussy Master: FIREFUCKERS
		Bussy Master: Halloween 2024
		Bussy Master: Ropeshooter Ranch
		Bust a date
		Busty Balls Brick Breaker
		Busty Hentai Mosaic
		Busty Idol Manor
		Busty Maid Creampie Heaven!
		Busty Milf and Summer Country Sex Life
		BustyBiz
		Butt Naked & Big Guns
		Butterfly again
		ButtKnight
		Cabin Corpse
		Cadence Cuties
		Cafe Maid - Hentai Edition
		CAIGE: Cum Overflow
		Caladrius Blaze
		CaliaQuest
		California Swingers Club - Season 1: Sea Swap
		Calm Girls
		CALYPSO
		Cam Quest
		Cam Star!
		Cambion
		CamGirl Simulator
		CamGirls: Sophie X Rias
		Camgirlying
		Camp Buddy: Scoutmaster Season
		camp counsellor collector
		Camp Mourning Wood
		Campus Bonds (Campus Bonds - Season 1)
		Candle Daemon
		Candy & Emily: Hentai Puzzle 18+
		Candy Bar
		Candy Hentai
		Cao Cao's Ambition--A Harem of MILFs
		Caprice (Caprice: Domina Noctis)
		Captain Firehawk and the Laser Love Situation
		Captain Fly and Sexy Girls at the Night Club
		Captain fly and sexy students
		Captain Hardcore
		Captain Prosper
		CARDnal DESIRES
		Cards of Gluttony
		Cards of Lust
		Carnal Contract
		Carnal Coup - Overseer's Edition
		Carnal Instinct
		Carnival and Girls
		Caroline's Fantasies
		Cars and Girls
		CarsFuckingDragons
		Cartel Simulator
		Casino Of Desire
		Castelo da Vania (Castle of Vania)
		Casting Clicker
		Casting Couch Simulator
		Castle
		Castle Creampuff
		Castle in the Clouds (Castle in The Clouds DX)
		Castle of Delights
		Castle of Lust - Hentai Fantasy Game
		Casual Desires
		Cat's Kiss
		Cat&rooms
		Catboy Aim Trainer
		Catch Me
		Catchick
		Catgirl & Doggirl Cafe
		Catgirl Aim Trainer
		Catlike Magic
		CATMORPHOSIS
		Cats in Heat
		Cats in Heat - Convenience Coworkers
		Cats in Heat - Summer Fling
		Cats in Heat - Sunshine Resort
		Caught Lacking - Femboy Edition
		CaveDare
		Celebrities Hacked
		Celebrity Hunter
		Celeste & Luna: Hentai Puzzle 18+
		Celestial Crowns
		Cerulean Invasion
		Chain Of Eroticism
		Chain Reaction : Sexy Hentai Girls
		Challenge Love
		Champion of Venus
		Champion of Venus: Tayla's Big Adventure
		Change District
		Changeling Tale
		Chaos Beach: A Virgin Boy’s Pheromone-Fueled Summer of Lust!
		Chaotic Love and Sex
		Charem of Metropolitan
		Charlotte: A Soft Femdom Game
		Charm Commerce
		Charming Girls
		CHARMING HEART
		Charter To Paradise
		Chasing Sunsets
		Chasing Tail
		Chasing the Stars
		Chastity Catastrophe
		Chat with yu
		Cheerleaders
		Cheetahs Are Meant To Be Fast
		Cherry Kisses
		Cherry VX
		Cherry's JOI
		Chess Undress
		Chihiro Himukai Always Walks Away
		ChikPack
		Children of Belgrade Metro (ベオグラードメトロの子供たち / Children of Belgrade Metro)
		Chill II
		Chill IV
		Chill X
		Chill Z
		Chimera: Bloodlines
		Chirality
		Choicer: My hentai step sister
		Choko loko 2 (Choko loco 2)
		Christine's Care
		Christmas Adventure
		Christmas SQUIRT!
		Chroma : Sexy Hentai Girls
		Chroma Deluxe : Sexy Hentai Girls
		Chromo XY
		Chronicles of Delights (Chronicles of Delights: Isekai Adventure)
		Chronicles of Forgotten Tears
		ChronoBabes
		Chubby Story
		Churn Vector
		Circe's revenge
		Citor3 Hallucinations VR Adult XXX Game
		Citor3 Santa's Elf VR Adult XXX Game
		Citor3 Sex Villa VR Adult XXX Game
		City Lights Love Bites Season 0
		City of Broken Dreamers: Book One
		City Of Secrets
		City Park Play Date
		CityBeat: The Sorority Shuffle
		Claire's Quest (Claire's Quest: GOLD)
		Clappy Cheeks: Lust and Magic
		Claris the Princess Knight
		Claris the Princess Knight ~ Extra Story
		Classic Hentai Logic Puzzle
		Clavis Kinkygate: Treasure of Danau River
		Cleaning Girls
		Clerk hot Tale
		Click & Cum 💘💦
		Click and Tits 3
		Click Me (Click Me: Hentai Adventures)
		Click Quest
		Click Quest 3D
		Click Quest 3D 2: Plus
		Click Your Crush!
		ClickCells: CPU girls
		ClickCells: Office Lady
		ClickCells: Winter Lady
		Clicker Dairy
		Clientele: Sexy Deckbuilder
		Climax Cards: Blackjack
		Climax Heroines
		Climbing: Zhuzhu
		Clive Barker's Hellraiser: Revival
		Clock Stopper
		CLOCKWORK PUSSY
		Cloud Meadow
		Club Hentai: Girls, Love, Sex
		Club Lipstick VR
		Club Velvet Rose: Midnight Bliss
		coalescent || tidal rapture
		CockHero Battle Rookie
		Cocktail for Beauty
		Cocktail Girl Service
		Cockville (Cockville [18+])
		Cockwork Industries Complete
		Code of Desire
		CODE: PANDORA
		CODE: PANDORA 2
		CODE:VALKYRIE II
		CODE:VALKYRIE III
		Coerced: Unexpected Detention
		Coffee & Boobs
		Coffee Buns
		Coffee with Prescilla
		Cohabitation Life
		College Bound
		College Bound: Arctic Adventure
		College Craze
		College Gay Sex - Episode 1
		College Gay Sex - Episode 2
		College Gay Sex - Episode 3
		College Gay Sex - Episode 4
		College Gay Sex - Episode 5
		College Gay Sex - Episode 6
		College Gay Sex - Episode 7
		College Gay Sex - Episode 8
		College Kings - The Complete Season
		College Kings 2 - Episode 1
		College Seduction
		College Sex - Episode 1
		College Sex - Episode 2
		College Sex - Episode 3
		College Sex - Episode 4
		College Sex - Episode 5
		College Sex - Episode 6
		College Sex - Episode 7
		College Sex - Episode 8
		College Sex - Episode 9
		COLLEGE SEX FEST 2024
		College Sex Party 🔞
		Colony City 27λ
		Color of My Sound (Color of My Sound - Volume 1)
		Colored Eyes Girls
		Coloring Game: Girls
		Coloring Game: Girls 2
		Coloring Game: Girls 3
		Come Home
		COME INSIDE MY INNER WORLD
		Come on in! Succubus-san ~I'll Have Your Semen Tonight, too♪ Hungry Mere Squeezes Out Your Semen~
		Come Right Inn - Season 1
		Comfort and Warmth
		Coming Out on Top
		Comixxx Desires
		Comixxx Duality
		Comixxx Flirtatious
		Comixxx Jixxaw
		Comixxx Memories
		Comixxx Strip
		Comixxx Swap
		Comixxx Temptations
		Commander Babes
		Complex Complex
		Complex Relations
		Computer Club
		Concubine
		Condo Desires
		Connected through fate
		Conquer and Breed the Demon Queen
		Conquering Married Women through Sex
		Continuous Girl
		Continuum - Season 1
		Contrast & Girls
		Convenient Encounters
		Cooks Girls
		Cool Lady
		CoreVR
		Corner Abyss
		Corporate Pussy
		Corporate Slave Succubus
		Corrupt Them All - Devilina Vein
		Corrupt Them All - Tokyo Meow
		Corrupted Hottie
		Corrupted Paradise
		Corruption of Champions II
		Corruption Ranch
		Corruption Town
		Cosmic Crush
		Cosmic Cube
		Cosplay Collection
		Cosplay Crisis - Succubus Invasion
		Cosplay Cumdump: Doing it Doujin Style
		Cosplay Fever!!
		Costume Fighter
		Costume Party
		CoulroFans
		Countdown to NTR
		Countess in Crimson
		Countryside Dating
		Courtin' Cowboys
		COWGIRL SEX FARM
		Cowgirl Trainer
		Cowgirl's Café
		Crawlco Block Knockers
		Crazy Empress
		Crazy Puzzle - Cosplay
		Creator - [deep,sleeper] Saga
		Creeper
		Creepy Girls
		CRIME, LAWN, REPEAT
		Criminal Attraction
		Crimson Lust
		Crimson Memories
		Crimson Veil
		Crisis on Nova 2 (Crisis on Nova-2)
		Crochet Cavalcade
		Cronie the Assassin's Mission ~ The Teddy Bear Payment
		CrossinG KnighTMarE - A Hymn to the Defiled Holy Maidens
		Crossing the Southern Border (Crossing the Southern Border: Futa Freedom)
		Crown of Lust
		Crown of Lust [18+] 👑
		Crush the Orc Empire! The world's pigman project!
		Crypt's Rend (Crypt's Rend ~NTR~)
		Crypto Girls [18+] - SEXCoin
		Crypts & Curves
		Crystal Goddess
		Crystal Maidens
		Crystal Maidens: Unleashed
		Crystal Road: Vale of Memories
		Cubic Neon Nightclub
		Cuckies & Cream: Maids for Milking
		Cuckold Chair Simulator 2023
		Cuckold House
		Cuckold Husband
		Cuckold Life Simulator 😳🔞
		Cuckold Sex - Episode 1
		Cuckold Sex - Episode 2
		Cuckold Sex - Episode 3
		Cuckold Sex - Episode 4
		Cuckold Sex - Episode 5
		Cuckold Sex - Episode 6
		Cuckold Sex - Episode 7
		CUCKOLD'S GYM
		CuckoldxCosplay 1
		Cuckoo Mask
		CuckTales 🐓🌈 (CuckTales 🐓)
		Cufflinks & Cages
		CulixCupric's Temeritus: Dark Scion
		Cult 87
		Cultural Exchange
		Cum & Climb
		Cum Clicker
		Cum On Bus
		CUM Queens 🔞💦
		CUMBOY IN SPACE
		CUMBOY IN SPACE 2
		Cumdy
		Cumming Hotel - A Gay Furry Slice of Life
		Cumming of Age
		Cumrooms
		Cumshot Simulator
		CUMVERSE [18+]
		CUNNILINGUS (CUNNILINGUS: use your tongue!)
		Cupid's Chatroom
		Curse of Black Bone
		Curse of Dares
		Curse of Kisera
		Cursed Armor
		Cursed Armor2
		Cursed Pantsu
		Curt Maddox
		Custodes of Elf Hearts
		Customer Cums First!
		Cute BAR
		Cute Cute Cuties
		Cute Dark Elves
		Cute Girl
		Cute Girl 2
		Cute Girl Suika Game - Bouble
		Cute Girls
		Cute Hentai Waifu - Numbers
		Cute Honey
		Cute Honey : Special Edition
		Cute Honey 2
		Cute Lady
		Cute Nurses
		Cute Puzzle
		Cute Puzzle - Neighbor Serene (Neighbor Serene)
		Cute Puzzle - V-Girl Aori (V-Girl Aori)
		Cute Puzzle - V-Girl Irene (V-Girl Irene)
		Cute Puzzle - V-Girl Kayla (V-Girl Kayla)
		Cute Puzzle - V-Girl Maid Aruha (V-Girl Maid Aruha)
		Cute Puzzle - V-Girl Maid Momoka (V-Girl Maid Momoka)
		Cute Puzzle - V-Girl MILF Chloe (V-Girl MILF Chloe)
		Cute Puzzle - V-Girl Neighbor Chloe (V-Girl Neighbor Chloe)
		Cute Puzzle - V-Girl Violet (V-Girl Violet)
		Cute Puzzle MAX
		Cute Socks
		Cute Techno Slayer
		Cute Waifu
		Cute! ASMR
		Cuties
		Cuties Hacked: Oh no someone stole my photos!
		Cyber Bodies
		Cyber Cartels
		Cyber City
		Cyber Freeuse Fantasy
		CYBER FURRY GIRL
		Cyber Girl - Zombie Hentai 💀💖 (Cyber Girl - Zombie Hentai)
		Cyber Girl 1.0: Booting
		Cyber Girl 1.1: REBOOT
		Cyber Girl 2.0 RUNNING
		Cyber Hentai
		Cyber Horny
		Cyber Lady
		Cyber Lust (SEX Cyber Lust VR)
		Cyber Pussy 2020
		CYBER RONIN: Lust
		Cyber Sex
		CyberCity: SEX Saga
		CYBERCUM 2069
		CyberCum: Pussy Attack❗️
		Cyberlinxxx
		CyberMaid
		Cybernetic Seduction - Season 1
		Cyberpunk naughty Girls XXX
		Cyberpunk sex
		Cyberpunk Sex Simulator
		CyberPunk SEX Tower
		Cyberpunk: Red-Light District
		CyberpunkXXX
		CyberSex 2069
		Cybersex Chronicles [18+]
		Cybersex: Lust Story
		Cyberstray 101
		Cyborpunk Crisis
		Cycle of Corruption
		Cyndy
		D-Hospital
		D-Zone
		Daddy, Say My Name
		Daggan
		Daggan Pink
		Daigaku Gurashi
		Daily life with my succubus boss
		Daily Waifu!
		DairyFarm (Dairy Farm)
		DAMA GALLERIA
		Dama_Hame_Tosatsu_Nikki (Dama Hame Tosatsu Nikki)
		Damsels in Distress
		Damsels of Vice
		Damsels of Vice 2: Project Mesmer
		Dance Waifu
		Dances and Girls
		Dancing Girl
		DancingReaper
		DANGO!
		Danny's Debt is Eternal
		Dare to Desire - Season 1
		Daring Detectives - A new life!
		Dark Alley Elf
		Dark Desire 1
		Dark Desire 2
		Dark Desire 3
		Dark Desire 4
		Dark Desire 5
		Dark Desire 6
		Dark Desire Mute 1
		Dark Desire Mute 2
		Dark Desire Mute 3
		Dark Desire Mute 4
		Dark Desire Mute 5
		Dark Desire Mute 6
		Dark Desire Mute 7
		Dark Elf's Adventure
		DARK FABLE
		DARK FANTASY
		Dark Fantasy Godhood
		Dark Fantasy: Epic Jigsaw Puzzle
		Dark Flame -Nam's Quest-
		Dark Land Chronicle: The Fallen Elf
		Dark Lord Leona
		Dark Man
		Dark Paradise Nigelopia: Mini Mix (Dark Paradise Nigelopia: Mini Mix Plus Collection)
		Dark Secrets of Showbiz
		Dark Siren
		DARK SPHERE
		Dark Waters: Gino and the Witch of the Black Swamp
		Darker: Chapter 1
		DarkLight
		Darkness and Desire
		Darkness Cums
		Darkness Machine
		Darkness Revenge
		Darling, Darling... Devious!
		Dat Hentai Game
		Date Ariane Remastered
		Date Banger
		Date With a Girl: Mahjong
		DateJournal (DateJournal: Russian Girls Dating Sim)
		Dating Advice from the Apocalypse
		Dating Izzie
		Dating Joyce: a Deckbuilding Game
		Dating Life: Emily X Miley
		Dating Maze
		DATING OF THE FUTURE
		Daughter of Essence
		Daughters of the Dragon
		Dawn of Corruption
		Dawn of Kagura: Hatsuka's Story
		Dawn of Kagura: Keika's Story
		Dawn of Kagura: Natsu's Story
		Dawn of Marionette
		Day on Mars
		Days In Palis
		Days with Evraco: The Blind witch in Blue Forest
		Days with Marie, My Love - MOTION EDITION -
		Days with My Lonely Teacher
		Days with Ophelia: The Girl From Wind City
		DDinosaur with Double D's
		Dead End Aegis
		DEAD END COLOSSEUM
		Dead Zone
		Dead-End City Blues OD Edition
		Deadrock Redemption
		Deals With Witch
		Dear Althea
		Dear Diary
		Dear Monster
		Death Moon
		Death row inmates on the run
		Deathblight Jormungandr
		Deathblossom
		Debauched Memories
		Debris (Debris 2x1 Hentai)
		Decked in Love
		DEEP SPACE WAIFU
		DEEP SPACE WAIFU - LEGENDS (DEEP SPACE WAIFU: LEGENDS)
		DEEP SPACE WAIFU: FANTASY
		DEEP SPACE WAIFU: FLAT JUSTICE
		DEEP SPACE WAIFU: NEKOMIMI
		DEEP SPACE WAIFU: WORLD
		DEEPER CREEPER LUST🐙😱
		Deepest Massage
		Defending Lydia Collier
		DEITY SOULS Plus
		Déjà-vu VR
		Dekamara
		Delightful Sins
		Deliverance
		Delivery Days
		Delivery Hot
		Deluded
		Delve Into Pawssion
		Demon boy saga
		Demon girl Rhapsody (大雷魅魔)
		Demon Goblin and Mr. Knight (Demon Goblin and Mr. Knight 小鬼哥布林與騎士先生)
		Demon Hentai Slayer
		Demon Hunting Diary
		Demon King Domination: Deluxe Edition
		Demon Lord Jill -REVIVAL-
		Demon Lord's Career Change
		Demon Maiden and Slave Summoning
		Demon Sighting
		Demon Tamer
		Demon's GunPlay
		Demon's GunPlay 2
		DEMON'S SWORD SNAKES (DEMON'S SWORD SNAKES -Sweet Dreams of the Cursed Snake-)
		DemonCracy
		Demonherd
		Demoniaca: Everlasting Night
		Demonic Kiss
		Demonic Pack
		Demons Rise Up!
		Denos City: Complete Game
		Depraved Awakening
		DESERT OF ASH: a Post-Apocalyptic Gay Sex Simulator
		Desert Stalker
		Desideratum: Blood Bonds
		Desirable
		Desirable: Dream Hotel
		Desire Den
		Desire of the Amazons
		Desire: Mrs. Claus
		Desire's Embrace
		Desk of Desires: VR Office Sex
		Deskmate Girl
		Desktop Girl (Desktop Angel)
		Desktop Sex Doll
		Despectum Drakone
		Destroy! Mosaic!
		Detention Club: School's Out
		Deviant Dungeon
		DeviDevisurvivor
		Devil Girl
		Devil Girl Needs Massages
		Devil Hearts
		Devil in the Details (Devil in the Details - Uncensored)
		Devil Slayer
		Devil's Dungeon
		Devilish Girl
		Devilish Lady Doctor - A Night of Domination and Seduction -
		Devilish Temptation
		DFX
		Diamond Mirage
		Diana's Quest 2: Give Back My Clothes
		Diana's Quest: From Princess to Peasant
		Dick Hook
		Dickdown Duel
		Dickie A Cumming
		Dickie A Cumming: The Prequel (Part I)
		Dicking Around
		Dickland
		Dickland: Horror Quest
		Dickland: Mini Games
		Dickland: Quest
		Dickland: Racing
		Dickland: Tower Defense
		Dicks and Dragons - Puzzle Game
		Dictator-chan island
		Didnapper 2
		Dik Journey (Dik Journey GOLD)
		Dildo Catcher
		Dimensions VIP
		Dimensions: Story Mode
		Dimon The Witch's Pervert Assistant
		Dinosaur Huntress
		Dirty and lascivious awakening RPG by lecher knight Reika
		Dirty Beastly Muscles
		Dirty Daughters: Slice of Life
		Dirty Education
		Dirty Fantasy
		Dirty Fighter: Hollow Point City
		Dirty Girls
		DIRTY HALLOWEEN
		Dirty League (Dirty League 🔞)
		Dirty Love
		Dirty Piano Lessons 🍓
		Dirty Streamer Puzzle
		DIRTY TEACHERS
		Dirty Texts - Are You Sure?
		Dirty Texts - Melissa's Secret
		Dirty Texts - New Intern
		Discouraged Workers
		Dismantled
		Dismantled 2
		Dismantled Director's cut
		Dismantling Workshop of Bio-Girl
		Divergence: Beyond the Singularity (Divergence: Beyond the Singularity (Part 1))
		Divergence: Beyond the Singularity (Part 2)
		Divine Adventure (Divine Adventure: Act One)
		Divine Adventure RPG
		Divine Dawn
		Dizital ImageClub - Neo -
		Dizzy Hearts (Dizzy Hearts Chapter 1)
		DJ Beats - Waifus
		Do you like having sex with your colleague? I'll strip her down and make her a porn star!
		Dog Days of Summer (Dog Days of Summer v5.1)
		Dogs Day
		DoHots
		Doki Boki International Hentai Language School
		Doki Doki Tri-Line Quest
		Doll Defenders
		Dominated by Sadistic Rich Trio
		Dominated By Yandere Goth Girlfriend 2: Valentine's Day
		Dominated by Yandere Goth Girlfriend 3: On the Beach
		Dominated by: My Bully's Daughter
		Dominated By: Nerdy Childhood Friend
		Dominated By: Sadistic Childhood Valentine
		Dominated By: Sadistic Delinquent
		Dominated by: Sadistic MILF Landlord
		Dominated By: Sadistic Roommate
		Dominated By: Sadistic Sensei
		Dominated By: Sadistic Valentine
		Dominated by: The Landlord's Daughter
		Dominated by: The Sadistic Nerd Next Door
		Dominated by: Yandere Goth Boxer
		Dominated by: Yandere Goth Bunny
		Dominated by: Yandere Goth Bunny 2
		Dominated By: Yandere Goth Childhood Friend
		Dominated by: Yandere Goth Co-worker
		Dominated by: Yandere Goth Cop
		Dominated by: Yandere Goth Delinquent Sister
		Dominated by: Yandere Goth Doctor
		Dominated by: Yandere Goth Gamer Girl
		Dominated by: Yandere Goth Gangster
		Dominated By: Yandere Goth Girlfriend
		Dominated by: Yandere Goth Girlfriend 4
		Dominated by: Yandere Goth Grandma
		Dominated by: Yandere Goth Idol Sister
		Dominated By: Yandere Goth Landlord
		Dominated by: Yandere Goth Lifeguard
		Dominated by: Yandere Goth Maid
		Dominated by: Yandere Goth MILF Maid
		Dominated by: Yandere Goth Mommy
		Dominated by: Yandere Goth Roommate
		Dominated by: Yandere Goth Sensei
		Dominating eyes
		DominaTRIX - Hentai Storytelling Puzzle
		Dominatrix Simulator: Threshold
		DommeBreaker
		Don't Ask Succubus
		Don't Disturb Your STEPMOM
		Don't Stop the Camera! ~Hidden Desires of a Young Wife~
		Don’t Tell Mom: I Fed My Stepsister 💦😳
		Donuts for Deer Teeth
		Doomsday Robot Girl
		Dorei Same
		Dorm Days
		Dorm Janitor's Revenge
		Dormitory Hentai Clicker
		Dots Pop : Sexy Hentai Girls
		Double Elf Fantasy
		Double Shot Gals
		Double Trouble
		Doujin Fever!! Night Assault!
		Dr. Murph
		Draconic Date
		Dragon Island
		Dragon Knight
		Dragon Princess Anastasia
		Dragon Sleuth Brittany
		Dragon Title
		Dragonia
		DragonStone
		DragonStone Revenge
		Drain Mansion
		Drake's Dungeon
		Drama Queens
		Drawing
		Dream Eater Ep1 噬梦者第一章 (DreamEater 噬梦者)
		Dream Girlfriend: Doomer Girl
		Dream Girlfriend: Twitch Thot
		Dream Hacker
		Dream Lust
		Dream State Warriors
		Dream/strung - Blossoming Love
		DreamBig 3
		Dreamcutter
		Dreamland
		Dreamland—发现吧!少女! (Dreamland)
		Dreams of Amelia (Dreams of Amelia 🔞 💜)
		Dreams of Desire: Definitive Edition
		Dreamscape of Delights
		Dreamy Love
		Dress-up Traveller
		Drink And Girls
		DRINK BAR MAID -REGRESSION-
		Driven Affairs
		DRK-Story - Black Book -
		Droopy Balls Simulator 2025
		Drugged-up Sex with a Self Destructive Girl! ~Fucking her sugar daddy to support the guys she worships! Overdosing on pills during sex~
		Dual Family (Dual Family I - IX)
		Duel to The Holes
		Dune Girls Attack!
		Dungeon Core Master
		Dungeon Coup
		Dungeon Desire: The Sleepless City of Runeheim
		Dungeon Explorers
		Dungeon Furry
		Dungeon Kitty
		Dungeon of Delights
		Dungeon of the Desirable Detainees
		Dungeon Sapiranga
		Dungeon Slave
		Dungeon Tavern
		Dungeon Travelers: To Heart 2 in Another World
		Dungeon Vixens: A Tale of Temptation
		Dungeons & Furries (Dungeons & Furry)
		Dungeons And Cat
		Dungeons of Desire
		Dunmakia Kingdom
		Durak NTR: the Fool who lost his gf in a card game
		Dusk Pub - Adult Only
		Dux Solaris
		DxR -A Better Tomorrow-
		Dyed in White
		Dying Night SEX with ZOMBI
		Dysfunct
		E-GIRL
		E-GIRL Next Door: Exposed
		E-Girl RoomMate
		Easy Hentai
		Easy hentai puzzle
		Easy hentai puzzle 2
		Ecchi 2: compile 2D chan
		Ecchi Cards
		Ecchi Jack
		ECCHI NEKO GIRLS PUZZLE
		Ecchi Puzzle
		Ecchi Puzzles
		Ecchi Sketch: Draw Cute Girls Every Day!
		Ecchi Spirit
		Echo Tokyo: Phoenix
		Echo Tokyo: Reaper
		Echoes of the town
		Echoes: Cards of Destiny
		Ecstasy Elf Shotenken -Naruru's Sexy Adventure-
		Eden Crest
		Eden Survivors
		Eden's Ritter - Paladins of Ecstasy
		Eden's Ritter 1:2 - Priestess of Pleasure
		Edgefield
		EdgeLords
		Educational Enamours
		Efflorescence of Lust
		Egyptian Punishment
		Ehko Island
		Ejaculation Time - Mommy Play with a Super-Sexy Fox Girl -
		Ejaculation Treatment by Nurse Luna with her Bursting Tits, in a Sexual Treatment Ward! ～3DCG Game Animation～
		Eldrea: SEX Saga 🔞
		Eldritch University
		Eleanor 3
		Eleanor in Miami
		Eleanor's Handmaid
		Element-174 (Element-174 - Part 1)
		Elemental Girls
		Elewder
		Elf Adventure: The Lost Castle
		Elf Archer and The Disappearing Giant Tree - R18
		Elf boss's dog training
		Elf Breeding Farm
		Elf Discipline Ceremony
		Elf Enchanter: Arousing Anima
		Elf in Chains
		Elf Sex Farm
		Elf Wives Cheat to Ride my Meat
		Elf World Adventure
		Elf World Adventure 2
		Elf World Adventure 3
		Elf World Adventure 4
		Elf World Adventure 5
		Elf World Adventure 6
		Elf World Adventure 7
		Elf World Adventure 8
		Elf World Adventure: Part 1
		Elfheim - Chapter 1
		Elfs From Elsewhere!
		Eli Girls
		Elian, Elisa, ChatAid
		Elise's Peepshow
		Elite Battle : Rio
		Elite Fighter
		Elleria (Elleria - Book 1)
		ellie on the ruins
		Elrit Clover (Elrit Clover -A forest in the rut is full of dangers-)
		Elseworld
		Elven Forest
		Elven Love
		Elven Tales - Rise of Darkness
		Elven Trip
		Elven Watcher
		ElvenEscape
		Elvenfoundry
		Elvenwood Romance
		Elves Christmas Hentai Puzzle
		Elves Fantasy Hentai Puzzle
		Elysium Heights
		Em-8ER
		Embarrassed Shina-chan~ the Naked Wandering College Girl
		eMemories
		Emi - Christmas Special
		Emi - Long Road Home
		Emi - New Beginning
		Emilia's PLAYROOM
		Emilia's PLAYROOM VR
		Emma - In the Library
		Empire of Lust 🏛
		EmyLiveShow: Beach Days of Sun and Moon
		EmyLiveShow: BossRush
		EmyLiveShow: Case of Four Hot Witnesses
		EmyLiveShow: Dangers and Mysteries Tale - Safe Edition
		EmyLiveShow: Demons & Mistresses Tale
		EmyLiveShow: Dragon & Mistresses Tale
		EmyLiveShow: Dungeon & Mistresses Tale
		EmyLiveShow: Hentai Puzzle Game
		EmyLiveShow: King of Desires
		EmyLiveShow: S&M story
		EmyLiveShow: S&M story - Safe Edition
		En.Fem.E No.9 - The Factory
		En•Fem•E No. 9: Reborn
		END OF THE WORLD - NTR
		Endless Bounty
		Endless Forest Dream
		Endless Fucker
		Endless Tentacle Cave
		Enf Novels: Cold Night
		ENF Novels: Dress Code
		Engaging Destiny
		Enigma Playground
		Enter the Cum™: an Erotic Porn Sexual Pleasure!
		Entwined Roots
		Epido
		Epileptic Spectrum
		Era
		Erin's Naughty Friday Prologue
		ERO Girl Painter
		ERO Shooter
		ERO TRAP DUNGEON ROGUELIKE
		Eroblast: Waifu Dating Sim
		Erocism
		Erogoddess: Asgard
		Erogoddess: Mirage
		Erogoddess: Olympus
		EroHPuzzle
		Eroico
		EroPhone
		Eros Fantasy
		Eros Lights: Strip-Club 🔞 (PIMP Life: Sex Simulator 🔞)
		Eros Raiders
		Erotic Dreams Puzzle
		Erotic Fantasy Hentai Photographer
		Erotic Jigsaw Challenge Vol 1
		Erotic Jigsaw Challenge Vol 2
		Erotic Jigsaw Puzzle
		Erotic Jigsaw Puzzle 2
		Erotic Jigsaw Puzzle 3
		Erotic Jigsaw Puzzle 4
		Erotic Jigsaw Puzzle 5
		Erotic Jigsaw Puzzle Summer
		Erotic Justice
		Erotic Photoshoot
		Erotic Rhythm
		Erotic Shop Simulator
		Erotica
		Escalation!
		Escape Dungeon
		Escape Dungeon 2
		Escape From Durka
		Escape from Ghosts
		Escape from Ivy & Piper
		Escape from the hospital
		Escape from the Room of the Serving Doll
		Escape From Zombie U:reloaded
		Escape: Forced Overtime
		Escort Simulator
		Escort Simulator 2
		Escort's Secrets 18+
		Esoterika
		Estella's Nightmare: Sealed Space and a Succubus's Curse
		Estellium Legends
		Estrus Princess
		Etcetera and Otherwise: A Lurid Odyssey
		Eternal
		Eternal Liiivie EP2- Hiding in the dark
		Eternal Lust: Zenyh City
		EtheriiA - Travelogue
		ETHERNITY
		Euclyca
		euphoria
		Euryale's Gambit
		Evelyn's Adventure
		Evenicle
		Evenicle 2 - Clinical Trial Edition
		Ever Hotter
		Everburning
		Everlusting Life
		Every day is more incredible than the previous
		Everyday Life in Hospital VR
		Exchange Student
		Executioner Girls
		Exes Assault!!
		Exiori
		Exorcist Charlotte
		Exorcist of Lust: Kaede
		Exploring Friscott
		Exploring the Big Apple
		Exposure office simulator
		Exquisite Fishing
		Exquisite Girls
		Extended Stay
		Extra Cream
		Fabulous place
		Faculty
		Fae Line
		Failing Witch Iris and the Philosopher's Stone
		Fair Princess Under Futa Curse
		Fairy Carrots
		Fairy Fighting
		Fairy Glade
		Fairy Massage
		Fairy Massage: Lite
		Fairy Rescue
		Fairy Tale Academy
		Fake Lay
		Fallen / Brand New World
		Fallen Elf Freya
		Fallen Goddesses
		Fallen Kunoichi ~Netorare Hidden Village~
		Fallen Priestess: My Sister's Demonic Bloodline (Fallen Priestess: Demonic Bloodline)
		Fallen Saint
		Fallen valiant-Loopy
		Fallen Young Wife~Netorare H without telling her husband~
		Falling Ever
		Falling Undercover: Nox Syndicate
		Falling with Ice Phoenix
		Falmouth
		Fame
		Family Crush
		Family Friends: Beyond Home
		Family Island
		Family Secrets: Sweet Sister
		Family tabu
		FANCY!
		Fantasex Chronicles
		Fantastic Orc
		Fantasy Amusement Park II
		Fantasy and Girls
		Fantasy Girl
		Fantasy Girl Puzzle
		Fantasy Girls
		Fantasy Hentai Quest
		Fantasy Jigsaw Puzzle
		Fantasy Jigsaw Puzzle 2
		Fantasy Jigsaw Puzzle 3
		Fantasy Jigsaw Puzzle 4
		Fantasy Jigsaw Puzzle 5
		Fantasy Love
		Fantasy Maid
		Fantasy Match -Make a H match with cute young woman-
		Fantasy Memory - Sexy Mermaids
		Fantasy MILF Hunter
		Fantasy Sliding Puzzle 3
		Fantasy Sliding Puzzle 4
		Fantasy Sliding Puzzle 5
		Fantasy Strip Poker & Blackjack
		Fantasy Temptations
		Fantasy Valley - Season 1
		Fantasy Valley - Season 2
		Fap & Cum 💦
		FAP & CUM: Simulator 🔞💦
		Fap Goddess
		Fap Queen
		Fap Queen 2
		Fap Simulator 2020 (Fap Simulator)
		Fap&Click
		Farm and Girls
		FarmD
		FART BUBBLE DX
		FART DROP DX
		Fashion Contract
		Fast Hands
		Fast Running
		Fatal Countdown - immoral List of Desires
		Fate and Life: The Mystery of Vaulinhorn
		Fates: Determination
		Fatrifice
		Fatrifice 2
		Fatrifice 3
		Fattening Career
		Faulty Apprentice
		Faylinn's Quest
		Fear & Hunger
		Fear & Hunger 2: Termina
		Fear of Hot Water Ghost
		Feast Manor
		Feel Up a Sexy Lifeguard!
		Feet Sweeper
		FellaTrain
		Female Anchor Next Door
		Fembot Jigsaw
		Femboy Aim Trainer
		Femboy Bangers (Femboy Bangers - Pub & Grill)
		Femboy Bangers 2
		Femboy Besties
		Femboy Burgers
		Femboy Feet
		FEMBOY FUTA HOUSE
		Femboy Survival
		Femboys & Fries
		Femboys of the Phalanx
		Femdemic (Femdemic - An Idle World Feminization Game)
		Femdom Farm
		Femdom Game World: Aunt
		Femdom Game World: Mistress's Dungeon
		Femdom Game World: Mom
		Femdom Game World: Stacy
		Femdom Game World: Stepmother
		Femdom Game World: Stepsister
		Femdom Girlfriend 2: Victoria Loves Bullying Me With Her Boobs (Femdom Girlfriend 2: Victoria Loves Teasing Me With Her Boobs)
		Femdom Girlfriend 3: My Sadistic Girlfriend and Her Friend Bully Me In Their Swimsuits
		Femdom Girlfriend 4: Isabelle, The Facesitting Queen
		Femdom Girlfriend: My Neighbor Is a Narcissistic Spoiled Brat Bully
		Femdom Lines
		Femdom Stories: Findom Simulator Sex Game
		Femdom Tower Defence
		Femdom University Prequel (Femdom University 0)
		Femdom Waifu
		Femdom Waifu VR
		Femdom Wife Game - Emily
		Femdom Wife Game - Zoe
		FemDomination 2
		FEMINIST METEORITE
		Feminization Device
		Femtazio
		Fertile Heroine Seaworthy
		Fetish Club
		Fetish Locator Week One
		Fetish Locator Week Three
		Fetish Locator Week Two
		Fetish Locator: S&M Studio
		Fetish Room 18+
		FFS, Another Northern Duke?!
		FiFI's Fortunes: Reclamation
		Fight Angel (Fight Angel/格斗天使)
		Fight for Eden: HEAT
		Fight With Valkyries [18+]
		FightCum - Furry & Hentai
		FIGHTING GIRL SAKURA-R
		FIGHTING GIRL YURI
		Fighting Magical Girls RPG Women Defense
		Fighting! Ms.Luan!! - Angelic Bitch Simulation (Fighting! Ms. Luan!! ─ Gold-digging Angelic Bitch Simulation)
		Figurine Scene Simulator
		FILF
		Fill The Fox
		Filled to the Limit
		Final Boss
		Final Hope
		Find Girl (Find Girl | 发现女孩)
		Finding Kathy
		Fingun
		Fingun Forever!
		Fire of Life: New Day
		First Sexy Night
		First Sexy Night 2: Second Date
		Fishing and Girls
		Fishing Zone
		Five Nights at Dream's​
		Five Nights at Sexy's
		Flambeau Deluxxx
		Flat&Fluffy
		Flavors of Desires
		Flawless Dream
		Fleshcult
		Fleshlight Squad - Fleshlightize -
		Flexibility and Girls
		FlipWitch - Forbidden Sex Hex
		Flirtatious
		Flirtatious: Fallen Angels
		Flirting with Yasmine
		Floppy Dicks
		Flora & Fauna
		Flora and Sauna
		Flower girl 2
		Flowering Nightshade
		Flowers of Satsunai
		Fluffy Developers
		Fluffy Memories
		Fluvstruck
		Flying High
		Flying Peep
		Fog of War (Fog of War: Book One)
		Follow the Leader
		Food and Girls
		Foot Fetish Fortress VolTitan Vs The Jundoh Empire Volume 3
		Foot Fetish Fortress VolTitan Vs. The Jundoh Empire Volume 1
		Foot Fetish Fortress VolTitan Vs. The Jundoh Empire Volume 2
		FOOT LOVERS
		For Ever Melancholia
		For One Year
		For the love of Jenny (For the love of Jamie)
		For the Queen
		Forbidden Dojo
		Forbidden Fantasy
		Forbidden Fantasy The RPG
		Forbidden Fruit
		Forbidden girl's looping night (Forbidden girl's endless night)
		Forbidden Love with My Wife's Sister
		Forbidden Ninja Scroll: Kunoichi Training
		Forbidden Sparks of Passion
		Forbidden Ward: Raunchy Recovery Plan
		Foresia -The Lust Curse-
		Forest and Girls
		Forest Fortress
		Forest Guardian
		Forest of soul slave
		Forest of soul slave2
		Forever To You!
		Forged Desires: A Bara JRPG
		Forget-me-not
		Forgotten Lectures - Fall of a Dynasty - The Beginning
		Forgotten Memories
		FormaSupa: Supplementary Studies
		Four-color Fantasy
		Fox Sex Farm
		Fox Spirit Contract
		Foxgirl Trainer
		FPS Seduce - Hentai
		Fractured Realms - Season 1
		Frankie's FunClub
		Freakshow (Freakshow - Episode 1)
		FREE GIRLS!
		Freestyle Man in Office
		Freezer Pops
		Fresh Story
		Fresh Story 2
		FreshWomen - Season 1
		FreshWomen - Season 2
		Freya's Potion Shop
		Friday Fever
		Friendly Blonding
		Friends in a Room
		Friendship with Benefits
		Friendship with Benefits 2
		Fright Night Sex Fest
		From Paris with Love 2: Passion with view
		From Paris with Love: Passion with view
		From the Town of Gleming
		Frosty's Cold Hard Produce!
		Fruit Girls 2: Hentai Jigsaw Photo Studio
		Fruit Girls: Hentai Jigsaw Photo Studio
		Fuck Fest
		Fuck in police
		FUCK PARTY CLUB
		Fuck The Police (FTP)
		Fucking Hell
		Fuckstone
		Fugue of Delights
		Full Body Workout
		Full Of Love
		Full of work
		Full Service
		Fumiko and the Village of Lust
		Funbag Fantasy
		Funbag Fantasy 2
		Funbag Fantasy 3if
		Funbag Fantasy: Sideboob Story
		Funbag Fantasy: Sideboob Story 2
		funiimo
		Funny Business with My Precious Coach (Anipuzzle Series)
		Furry Aim Trainer
		Furry Android Hentai
		Furry Arena [18+]
		Furry Armpits
		Furry BDSM
		Furry Boys Jigsaw
		Furry Cosplay
		Furry Cyberfucker
		Furry Cyberfucker II
		FURRY CYBERSEX
		Furry Delights: Erotic Arcade Lounge
		Furry Dream
		Furry Empire (Furry Empire ⚔️)
		Furry Fairy Tales
		Furry Fantasy
		Furry Fantasy Adult World
		Furry Fatale
		Furry Feet 2
		Furry Feet Girls
		Furry Femmes: Making an Obedient Bitch
		Furry Fetishists
		Furry from Outer Space
		Furry Furries
		Furry Futa 💘
		Furry Futanari Jigsaw
		Furry Futanari Jigsaw 2
		Furry Futanari: 3 in 1 ⚧🏳️‍🌈
		FURRY GIRL PUZZLE
		Furry Girlfriend Simulator
		FURRY GIRLS
		Furry Glory
		Furry Hentai Isekai
		Furry Hentai Jigsaw
		Furry Hentai Jigsaw 2
		Furry Hentai Quest
		Furry Hentai Tangram
		Furry Heroes
		Furry Immersion
		Furry Love
		Furry Love & Sex
		Furry Love 2
		Furry Lust
		Furry Master: Slutbunnies
		Furry Meow
		Furry Milfs
		Furry Nights
		Furry Novel: Locked Hearts
		Furry Nya
		Furry Orgasm
		FURRY ORGY
		Furry OwO
		FURRY PASSION
		Furry Pet Dog Yiff Hentai
		Furry Pride
		Furry Puzzle
		FURRY Seduction
		Furry Senpai: Bear in the Woods
		Furry Sex
		Furry Sex - GameDev Story 🎮
		Furry Sex 2
		Furry Sex Madness
		FURRY Sex Resort 🏝🔞
		FURRY SEX: Cabaret 💋🔞
		Furry Sex: Pirates 🏴‍☠️
		Furry Sex: Poker 🃏♥️
		Furry Sexy Girls
		Furry Shades of Gay
		Furry Shades of Gay 2: A Shade Gayer
		Furry Shades of Gay 3: Still Gayer
		Furry Spy Simulator: Hot Springs
		Furry Striptease
		Furry Survivals 18+
		Furry Sweeper
		Furry Tale
		FURRY TITS
		Furry Toys
		Furry UwU
		FURRY WHORES
		Furry Woof
		Furry Woof and Nya
		Furry X Bussy Master: Randy the Red Knot Reindeer
		Furryville
		FurstDate (FurstDate: A Furry Dating Simulator 🐾)
		Further Education
		Futa Battle TD
		Futa Fix Dick Dine and Dash
		Futa Heroism
		Futa Jigsaw Dating
		Futa Paradise
		FUTA RUNNER: Big Dick Edition
		Futa Spell
		Futa Tales
		Futa Training
		Futa Troll’s Shelter
		Futa University
		FutaDomWorld
		FutakinValley
		FUTAMARKET
		Futanari & Ladyboy BDSM
		Futanari & Ladyboy Hotel
		Futanari Affairs 🍆
		Futanari College - Episode 1 [18+] 🍓 🤓
		Futanari di Funghi
		Futanari girlfriends ⚧👧🍆
		Futanari girls 3D ⚧👧🍆
		Futanari Goddess 🕯️
		Futanari Jigsaw Puzzle
		Futanari Master!
		Futanari of the Amazon
		Futanari of the Apocalypse
		Futanari Quest
		Futanari Sex - BDSM Room
		Futanari Sex - Locker Room Affair
		Futanari Sex - Mile High Fun
		Futanari Sex - Naughty Massage
		Futanari Sex - Naughty Visit
		Futanari Sex - Office Whores
		Futanari Sex - Pool Party
		Futanari Sex - The Birthday Massage
		Futanari Sex - The Fertility Doctor
		Futanari Sex - The Gym
		Futanari Sex - The New Boss
		Futanari Sex - Unexpected Roomate
		Futanari Sex Adventures - Episode 1
		Futanari Sex Adventures - Episode 2
		Futanari Sex Adventures - Episode 3
		Futanari Sex Adventures - Episode 4
		Futanari Sex Adventures - Episode 5
		Futanari Sex Adventures - Episode 6
		Futanari Stepsis
		Futanari Tales 💕🔞
		Futanari Universe
		Futanari Vampire Girlfriend
		Futanari's Secret: The Forest
		Futanari's Sex World!
		Futanari★Coffee shop
		Futantastic Adventure
		Futapunk 2069
		Futariuum's Gate
		Future & Girls
		Future Fragments
		Future Girls
		Future Love Space Machine (Future Love Space Machine : Glimmer Deck)
		Fuzoku Frame [18+]
		Fxxx Me Royally!! Horny Magical Princess
		Gachi Feasting
		Gachi: Christmas Party 🎄
		Gachi: Space Orgasm
		Gadget Guy: The Beginning
		Gaikokujin No Sensei (Foreigner Teacher)
		Gal Mothers and Daughters Who Love Sex
		Galactic dating: Harem in space station
		Galactic Gluttony
		Galactic Pick Up Artist
		Galactic Sex Odyssey: NSFW Sci-Fi Porn
		Game Of Evolution - Season 1
		Game of Hearts
		Game of Lust
		Game Of Puzzles: Furry
		Game of seduction
		GameOver
		Gamer Girls (18+)
		Gamer Girls [18+]: eSports SEX
		Gamer Girls: Cyberpunk 2069
		Gamer Girls: Dating Sim
		Gamer Girls: Futanari
		Games and Girls
		Gangbanged by Orcs and Goblins!
		garage:VAMP
		Garden of Earthly Delights
		Garden of God
		Gardens and Girls
		Garestia
		GARMM Adventurer Vol.1
		GARMM Adventurer Vol.2
		Garrison One man army
		Gay Guys
		Gay Sex Adventures - Episode 1
		Gay Sex Adventures - Episode 2
		Gay Sex Adventures - Episode 3
		Gay Sex Adventures - Episode 4
		Gay Sex Adventures - Episode 5
		Gay Sex Adventures - Episode 6
		Gay Sex Adventures - Episode 7
		Gay Sex Adventures - Episode 8
		Gay Sex Adventures - Episode 9
		Geezer Gus: The Meteorite Motel
		Geisha World
		GEM's Hentai - Ultimate Puzzle
		Genderbend Me! Sayonara Demon Dong
		General Practitioner
		General Practitioner 2
		Gentle Female Boss 温柔女上司
		Gentle Officer
		Gentleman
		Gentlemen's Club
		Gentlemen's Puzzle Club
		Get it Hard
		Get To Work, Succubus-Chan!
		Getting Inside: Hentai Story
		Ghost Girl Ghussy: XXXL Edition
		Ghost Girl Lasling
		Ghostly Moans
		Giant Wishes: Memories
		Gift Girl
		Gigachad Survivals
		Giggle Night: Trixie's Trial
		Girl Abducted
		Girl and Goblin
		Girl Card Battle
		Girl Fantasy
		girl friend simulator
		Girl Gallery
		Girl in Crimson Dress (Girl in Crimson Dress - Tales of the demons in the mountain)
		Girl Jigsaw
		Girl Jigsaw 2
		Girl Next Door
		Girl Next Door
		Girl vs Crowd
		Girl X
		Girl X Island
		GirLand
		GIRLDIVERS
		Girlfight 2024
		Girlfriend Experience VR
		Girlfriend Saves the City
		Girlfriend Strip Blackjack
		Girlfriend Tapes
		GirlFriend VR
		GIRLFRIENDS: OFFICE!
		GirlHub - adult puzzle game
		Girls & Blocks (Girls and Blocks)
		Girls & Dungeons 2
		Girls and Dragons
		Girls Divers
		Girls Guns and Zombies
		Girls Gym
		Girls in Pajamas
		Girls Love Toys
		Girls Memory Card
		Girls of Hentai Mosaic
		Girls of the Lust City and the Avenger
		Girls on puzzle
		Girls on puzzle 2
		Girls on puzzle 3
		Girls on puzzle 4
		Girls on puzzle 5
		Girls on the beach
		Girls Overboard
		Girls Rest
		Girls Shop
		GIRLS VR (GIRLS VR UNCENSORED!!!)
		GIRLS VS TENTACLES
		Girls, I just want to get paid!
		Girls! Girls! Girls!?
		Glamor & Girls
		GLASS
		GLASS 2 (GLASS2)
		GLASS zero
		Glasses and Girls
		Gloomy Village
		Glory & Miserable Survivors DX
		Glory Wall!
		Glow of Snowy Night
		Glowing Stones : Heroes' Awakening
		Goblin
		Goblin Adventurer Hunting
		Goblin corrosion
		Goblin Down
		Goblin Dungeons
		Goblin Gangbang 🧟🍆👩
		Goblin Hunter Wizard Emona
		Goblin Lord wants me to become a Virgin Wizard by Managing The Brothel!?
		Goblin Quest
		Goblin Quest: Completed Edition
		Goblin Quest: Remake
		Goblin Quest: War
		Goblin's Bizarre Adventure
		Goblins on the March
		Goblins Strike Back -Instant Fuck Heroines-
		God of Yoga
		God vs. Sin
		God's Blessing On That Desire World!
		Goddess Arrival
		Goddess Husk
		Goddess Husk II
		Goddess of Hentai
		Goddess Scroll - The Last Starlight
		GodGirl (this game waiting to be remove)
		Going Rogue
		Gold Drill
		Gold Wiper
		Golden Axe Idol
		Golden Axe Idol - Escape The Room
		Golem Builder
		Good Girl
		Good Girls
		Good Time To Play
		Gooner on the Orient Express
		Gooning Aim Trainer
		Gooning Simulator
		Gooning Simulator
		Gorgeous Elves of Ganassa
		Got reincarnated into a world of RPG full of NPCs…
		Goth Girlfriend
		Goth Obsession (Goth Obsession: Touch Adventure)
		Gothic Girls
		Gothicc Breaker
		Grabby Lust Ghost
		Grand Tits Adventure [18+]
		Grandma's House: College Days
		Gravedigger
		GRAY
		Gray Haven (Gray Haven : Witch's Garden)
		Greenhouse
		Greyvale Rivalry (Greyvale Rivalry - Season 1)
		Grit Porn Video Tapes
		Grundlewhack (Grundlewhack - Season 1)
		GSpot Master｜穴王拳 (GSpot Master)
		Guardians of Eden-Embrace of the Forest
		Guardians of the Ashes
		GuiGui
		Guild & Gals
		Guilded Hearts
		Guilty Force (Guilty Force: Wish of the Colony)
		Gun Gun Pixies
		GUN LADY
		Gunpowder Cocktail (Gunpowder Cocktail - Chapter 1)
		GunSoul Girl
		Gym Bullies
		GYM ORGASM
		Gyno Tales - Season 1
		Gynocracy
		H Chan
		H Girl
		H Girl 2
		H Girl 3
		H Girl 4
		H Girl Kemonomimi
		H-Isekai Loves
		H.E.N.T.A.L.K.E.R.
		ha-metro (HA-METRO : JK-SEN)
		Hacker's Restart
		Hacking with Benefits
		Hadaka Shitsuji - Naked Butlers
		Hades Harem
		Haley's story
		Half-Cat
		Half-Demon Shinobi
		Halloween Girl
		Halloween in Hollywood
		Halloween Naughty Girls
		Halloween SEX Party [18+]
		Halloween with Veronica
		Hamster Clicker!
		Hana Exposure! A Blooming Flower~
		Hanaja's Body
		Hanaja's Body 2 in One
		Hand Simulator: Rendezvous
		Hands Of Gold
		Handyman Fantasy
		Handyman Legend
		Hangoverse - Season 1
		Happy Binge Day To You! (U.C.H.E.W.S #2)
		Happy Campers
		Happy Conquistador
		Happy Engine
		HAPPY HOLES
		Happy Horny Hell
		Happy Island Fantasy
		Happy New Hentai
		Happy Numbers
		Happy Town
		Happy toys
		Harakatsu 2 / はらかつ 2 (Harakatsu 2)
		Haramase!semen transport project
		Hard Block Girls
		Hard Block Girls: Sex Life
		Hard Days
		Hard Love - Darkest Desire
		Hard Times at Sequoia State Park
		Hard Work
		HARDCODED
		Hardcore Cruising: A Sci-Fi Gay Sex Cruise!
		Hardenville
		Hardpunch: Fuck 4Joy
		HardPunch: Sex Plague
		Hardrock Sex 3D
		Harem Academy: Tales of the Titty Tamer
		Harem Dungeon
		Harem Girl: Alicia
		Harem Girl: Evie
		Harem Girl: Isabella
		Harem Girl: Nikki
		Harem Girl: Samantha
		Harem Hunter: Sex-ray Vision
		Harem Inn
		Harem King: Peasant to Princess Gotta Breed 'Em All!
		Harem of Gods
		Harem of Lust: Battle Cards
		Harem of Monster Girls
		Harem Of Valerius
		Harem Survivor
		Harlot's Path
		HarmonEy
		Hashihime of the Old Book Town
		Hatsumira -from the future undying-
		Haunted by Femboy
		Haunting Havens
		Haven For Emma
		Having a HARD Time
		Hazel & The Deep
		Hazelnut Latte
		Hazumi and the Pregnation
		He Fucked The Girl Out of Me
		He Maid Her Fall
		Heart Cage
		Heart of Dungeon
		Heart of Pacific
		Heart'n Block
		Heartbreak Hotel
		Heartomics: Lost Count
		HEAVEN ATTACK
		Heaven's Door
		Heaven's Dream
		Heavenly Beauty × Silver Bubble Ninetales
		Heavenly Hammer
		Heavenly Peaks Cultivation
		Heavy Hearts
		Heavy Metal Babes
		Heffelfinger
		Helen Giantess
		Helga: Euphorium's Song
		Hell Evolution – Devil Girls Raising (R-18)
		Hell Pages
		Hell's Bells
		Hellgate Reiko
		Hello, Fucking World!
		Help! I am REALLY horny!
		HELP! My New Roommate is a Hung Goth Futanari Ghost !
		Helping the Hotties
		Henshinko!
		Hent-AI Puzzle
		Hentai - Color by Number
		Hentai - Ultimate Puzzle
		HENTAI 18+
		Hentai 2+2=4
		Hentai 3018
		Hentai Abigail
		Hentai Achievement Puzzle
		Hentai Age Beach
		Hentai Aim Practice
		Hentai Aim Puzzle
		Hentai Aim Trainer
		Hentai Aim Trainer 2
		Hentai Aina
		Hentai Akari
		Hentai Amazon Girls
		Hentai Ami
		Hentai Ami
		Hentai Ancient Secret
		Hentai Angel: Smite the Nazis
		Hentai Animation Puzzle
		HENTAI ARENA HOLY PUSSY
		Hentai Ariel
		Hentai Ariya
		Hentai Asmodeus
		Hentai ASMR
		Hentai At Your Desk
		Hentai Audition!
		Hentai Ayumi
		Hentai Babe Buffy
		Hentai Babes - Aqua (Aquatics Hentai Babes)
		Hentai Babes - Broken Vows
		Hentai Babes - Fantasy
		Hentai Babes - In Costume
		Hentai Babes - In Public
		Hentai Babes - Nations
		Hentai Babes - Servants
		Hentai Babes - Sport Lovers
		Hentai Babes - Waifu
		Hentai Bad Girls
		Hentai Bae Pinky
		Hentai Balloons
		Hentai Balloons 2
		Hentai Bath
		Hentai BDSM
		Hentai Beach
		Hentai Beach
		Hentai Beach
		Hentai Beach Girls
		Hentai Beach Memories
		Hentai Beauties
		Hentai beautiful girls
		Hentai beautiful girls 2
		Hentai beautiful girls 3
		Hentai beautiful girls 4
		Hentai beautiful girls 5
		Hentai Beauty
		Hentai Bella
		Hentai Best Girls
		Hentai Big Tits
		Hentai Bikini
		Hentai Blackjack
		Hentai Blackjack
		Hentai Block Breaker
		Hentai Bodysuit
		Hentai Boxing Maggie
		Hentai Boy
		Hentai Breaker
		Hentai Breakout City
		Hentai Breeding Simulator
		Hentai Brick Breaker
		Hentai Bunny
		Hentai BunnyGirl
		Hentai Cafe
		Hentai Case Opening
		Hentai Casino
		Hentai Castle
		Hentai Casual Jigsaw - Vampires
		Hentai Casual Jigsaw - Witches
		Hentai Casual Jigsaw - Zombies
		Hentai Casual Slider
		Hentai Casual Slider 2
		Hentai Casual Slider 3
		Hentai Casual Swap
		Hentai Casual Swap 2
		Hentai Casual Swap 3
		Hentai CatMaid
		Hentai Celestia
		Hentai Cheerleader
		Hentai ChessKnight
		Hentai Chicks
		Hentai Chicks 2
		Hentai Cho
		Hentai Christmas
		Hentai City
		Hentai City
		Hentai Class
		Hentai Cleopatra
		Hentai Clicker
		Hentai Clicker: Alerinna is streaming
		Hentai Clicker: Cathy is streaming
		Hentai Clicker: Hanma is streaming
		Hentai Clicker: Kristina is streaming
		Hentai Clicker: Lily is streaming
		Hentai Clicker: Maria is streaming
		Hentai Clicker: Nina is streaming
		Hentai Clicker: Reika is streaming
		HENTAI CLIMBER
		HENTAI CLIMBING
		Hentai Collection: Memory
		Hentai Coloring Game
		Hentai Cookie
		Hentai Cool Girls
		Hentai Cosplay Elf
		Hentai Cosplay USSR
		Hentai Cowgirl
		Hentai Cowgirl
		Hentai Crazy Girls
		Hentai Crush
		Hentai Crystals
		Hentai Cut and Nut
		Hentai Cute
		Hentai Cute Pazzle
		Hentai Cuties
		Hentai Cyber
		Hentai CyberGirl
		Hentai Cyberpunk
		Hentai Cyberpunk SCI-FI (Hentai Girl Puzzle SCI-FI)
		HENTAI DANCE
		Hentai DarkElf
		Hentai Darts
		Hentai Dates
		Hentai Dates
		Hentai Day - Ringsel in Troubles
		Hentai Defense
		Hentai Demon
		Hentai Demon
		Hentai Detective
		Hentai Devil
		Hentai DevilGirl
		Hentai Dgirls
		Hentai Dice Sudoku
		Hentai Direct-Her
		Hentai Doctor 2049
		Hentai Dojo
		Hentai Dolls
		Hentai Dream
		Hentai Dream
		Hentai Dreams
		Hentai Drone Simulator
		Hentai Elarin
		Hentai Elf
		Hentai Elf
		Hentai Elf
		Hentai Elizabeth
		Hentai Ellie
		Hentai Emiko
		Hentai energy
		Hentai energy II
		Hentai energy: Halloween
		Hentai EroCum
		Hentai EroElf
		Hentai Eroshojo
		Hentai Evilgirls
		Hentai Exotic
		Hentai exotica
		Hentai exotica 2 (HENTAI EXOTICA vol.2)
		Hentai Fantasy
		Hentai Fantasy
		Hentai Fantasy
		Hentai Fantasy Chicks
		Hentai Fantasy World
		Hentai Femdom Sim: Femdom University
		Hentai Festival
		Hentai Fetish Tycoon
		Hentai Fetishes: Yuri
		Hentai Fight Club
		Hentai Fighter
		Hentai Forest
		Hentai Forever
		Hentai Fox
		Hentai Fox
		Hentai Furry
		Hentai Furry
		Hentai Furry 2
		Hentai Furry 3
		Hentai Furry Bunny
		Hentai Furry Foxy
		Hentai Furry Pony
		Hentai Furry Unicorny
		Hentai Furry Wolfy
		Hentai Galaxy
		Hentai GIF Puzzle
		Hentai GIF Puzzle X
		Hentai Girl
		Hentai Girl Beat
		Hentai Girl Clicker
		Hentai Girl Clicker
		Hentai Girl Division
		Hentai Girl Fantasy
		Hentai Girl Hime
		Hentai Girl Karen
		Hentai Girl Linda
		HENTAI GIRL PUZZLE
		Hentai Girl Run
		Hentai Girl Seek
		Hentai Girl Sets
		Hentai Girl Slide Puzzle
		Hentai Girlfriend Simulator
		Hentai Girls
		Hentai Girls
		Hentai Girls - Anime Puzzle 18+
		Hentai Girls - Neko Pastry
		Hentai Girls : Mommy Milkers
		Hentai Girls : Sexy Feet Goddesses
		Hentai Girls 2
		Hentai Girls Gallery
		Hentai Girls Maid
		Hentai Girls Mosaic
		Hentai Girls Nature
		Hentai Girls Nurse
		Hentai Girls Slide
		Hentai Girls Sliding Puzzle
		Hentai Girls Stories
		Hentai Girls VR
		Hentai Girls: Christmas
		Hentai Girls: Contact [18+]
		Hentai Girls: Lust [18+]
		Hentai Girls: The Princesses
		Hentai Glass
		Hentai Gothic Girl
		Hentai Gyaru
		Hentai Gymnast Scarlett
		Hentai Hack-Her
		Hentai Halloween
		Hentai Hanako
		Hentai Harem
		Hentai Hasshaku
		Hentai Heaven's Slutty Salvation
		Hentai hentai
		Hentai Heroes
		Hentai Hexa Mosaic
		Hentai Homewrecker
		Hentai Honeys Jigsaw
		Hentai Honeys Slider
		HENTAI HORROR: The Eight Pictures (WAIFU HORROR: The Eight Pictures)
		Hentai Hospital
		Hentai Hotel
		Hentai　HOTLADY
		Hentai House
		Hentai House Wife
		Hentai Houseparty: Gyaru Gangbang
		Hentai Hunter
		Hentai I'm coming!
		Hentai In The Forest
		Hentai Inumimi
		Hentai IQ Puzzle
		Hentai Island
		Hentai it's my life
		Hentai Jazz
		Hentai Jigsaw
		Hentai Jigsaw
		Hentai Jigsaw Emma
		Hentai Jigsaw Girls
		Hentai Jigsaw Girls 2
		Hentai Jigsaw Girls 3
		Hentai Jigsaw Girls 4
		Hentai Jigsaw Puzzle
		Hentai Jigsaw Puzzle 2
		Hentai Jigsaw Puzzle Collection: Autumn
		Hentai Jigsaw Puzzle Collection: Christmas Edition
		Hentai Jigsaw Puzzle Collection: Spring Edition
		Hentai Jigsaw Puzzle Collection: Valentine’s Edition
		Hentai Journey
		Hentai Kai
		Hentai Kaiya
		Hentai Karada
		Hentai Killer
		Hentai Killer: Girls & Chess
		Hentai Ladyboy Ren
		Hentai Lagoon
		Hentai Leaked!? Only for Fans
		Hentai LightUp
		Hentai Like a Boss
		Hentai Like a Boss 2
		Hentai Link
		Hentai Love
		Hentai Lucia
		Hentai Luna
		Hentai Lust
		Hentai Madness
		Hentai Magic
		Hentai Magic Academy
		Hentai MagicalGirl
		Hentai Maid
		Hentai Maid Club
		Hentai Maid Memories
		Hentai Maido
		Hentai Match 3
		Hentai Match Fantasy Stories
		Hentai MatchUp
		Hentai Math Teacher
		Hentai Mature Milf
		Hentai MatureCat
		Hentai Maya
		Hentai Maze
		Hentai Mei
		Hentai Melody
		Hentai Memorama
		Hentai Memory - Sexy Couples
		Hentai Men
		Hentai Merge Dice
		Hentai Mermaid Sirena
		Hentai Mia
		Hentai Midori
		Hentai Mika
		Hentai Mikky
		Hentai Miko
		Hentai Miko
		Hentai Milena
		Hentai Milf
		Hentai Milf City
		Hentai Milf Quiz
		Hentai Milf Quiz 2
		Hentai Milf Quiz 3
		Hentai Milf Syndicate
		Hentai Military
		Hentai MineSweeper
		HENTAI MINESWEEPER BEST (HENTAI MINESWEEPER)
		Hentai Mira
		Hentai Mission Ukraine
		Hentai Misuzu
		Hentai Mizugi
		Hentai Monster Quiz
		Hentai Monster Quiz 2
		Hentai Mosaique Fix-IT Shoppe
		Hentai Mosaique Puzzle
		Hentai Mosaique Vip Room
		Hentai Most Wanted
		Hentai Muse
		Hentai Nana
		Hentai Natsuki
		Hentai Neighbors
		Hentai Neko
		Hentai Neko Mosaic!
		Hentai Nekogirl
		Hentai Nekomimi
		Hentai Neon
		Hentai Neon Nights
		Hentai NetPuzzle
		Hentai NetWalk
		Hentai Night Club
		Hentai Night Milf
		Hentai Ninja Garden
		Hentai Nureta Puzzle College
		Hentai Nureta Puzzle Cyberpunk
		Hentai Nureta Puzzle Mythica
		Hentai Nureta Puzzle Power Girls
		Hentai Nurse
		Hentai Nurse
		Hentai Nurse
		Hentai Octoq Puzzle
		Hentai Office
		Hentai OfficeLady Plus
		Hentai Ojou
		Hentai Oni
		Hentai Oppai
		Hentai Oppai
		Hentai Packer
		Hentai Pair
		Hentai Pansuto
		Hentai Parody: Tentacle Slayer
		Hentai Party On Rooftop
		Hentai Pazu
		Hentai Petting Simulator
		Hentai Phoebe
		Hentai Pink
		Hentai Pix
		Hentai Pleasure
		Hentai Plus Girl
		Hentai Police
		Hentai Polka
		Hentai Pool
		Hentai Possess-Her
		Hentai Pretty
		HENTAI PRINCESS
		Hentai Puppy Maid
		Hentai Pussy
		Hentai Pussy 2
		Hentai Pussy 3
		Hentai Pussy 4
		Hentai Pussy 5
		Hentai Pussy 6
		Hentai Pussy 7
		HENTAI PUZZLE
		Hentai Puzzle : Girls
		Hentai puzzle ? Not again....
		Hentai Puzzle Classic
		Hentai Puzzle Logic Game (I'm not alright)
		Hentai Puzzle Party
		Hentai puzzle Simple
		Hentai Puzzle Universe
		Hentai Puzzle X
		Hentai Puzzle: Clarise
		Hentai Puzzle: Lustful Legends
		Hentai Puzzle: Naughty Nurses
		Hentai Puzzle: Tropical Seduction
		Hentai Puzzle: Winter Passion
		Hentai PuZZles
		Hentai Puzzles: Attack on Tight Panties
		Hentai Puzzles: Attack on Tight Panties
		Hentai Puzzles: The Origin
		Hentai PVC Memories
		Hentai Queens
		Hentai Quilm
		HENTAI RESORT - Dream Paradise
		Hentai Rika
		Hentai Rina
		Hentai Roguelike
		Hentai Room
		Hentai Royale
		Hentai Sakura 🌸🌊
		Hentai Sakyubus
		Hentai Sally
		HENTAI SAVES AUSTRALIA
		Hentai Sea Battle
		Hentai Secrets
		Hentai Secrets
		Hentai Secrets - Anime Sex Story
		Hentai Secrets (h3)
		HENTAI SEEK
		Hentai Seek Girl
		Hentai Senpai: Apocalypse Girls
		Hentai Senpai: Cosmic Beauties
		Hentai Senpai: Cosmic Beauties
		Hentai Senpai: Cyberpussy 2069
		Hentai Senpai: Goth Feet
		Hentai Senpai: Heavy Metal Warriors
		Hentai Senpai: Hot Summer Beach Resort
		Hentai Senpai: Kairaku no Maid Service
		Hentai Senpai: Konbini no Shirigaru Onna
		Hentai Senpai: Pirates!
		Hentai Senpai: Seieki Akuma-Tachi
		Hentai Senpai: Seieki Kyuketsusha
		Hentai Senpai: Sukebe Nekomimi no Yoru
		Hentai Senpai: Tavern Whores
		Hentai Senpai: Thicc Fairies of Forest Lake
		Hentai Senpai: Thiccmas Cumsluts
		Hentai Sensei
		Hentai Sera
		Hentai Series (Hentai Series: Classic)
		Hentai Sexy
		Hentai Sexy Nurses
		HENTAI SHADOW
		Hentai Shanti
		Hentai Shibari
		Hentai Shiri
		Hentai Shojo
		Hentai Shooter 2: World Tour
		Hentai Shooter 3D
		Hentai Shooter 3D: Christmas Party
		Hentai Shop Simulator
		Hentai Simulator
		Hentai Sister
		Hentai Slash
		Hentai Slide Puzzle
		HENTAI Sliding Puzzle
		HENTAI SNIPER: Middle East (H-SNIPER: Middle East)
		Hentai Snowy
		Hentai Solitaire
		Hentai Space
		Hentai SpaceSuit
		Hentai Splash
		Hentai Sport
		Hentai Sport
		Hentai SportsGirl
		Hentai Stella
		Hentai Step Milf
		Hentai Store
		Hentai Stories
		Hentai Stories - Elven
		Hentai Strawberry
		Hentai Strip Shot
		Hentai Student
		Hentai Students: Love Puzzle
		Hentai Sudoku
		Hentai Summer
		Hentai Summer Swap
		Hentai Summer Swap 2
		HENTAI SUPER GIRL
		Hentai Survive Island
		Hentai Survivors
		Hentai Sushi Jigsaw
		Hentai Swapy Puzzle
		Hentai Swapy Puzzle 2
		Hentai Sweet Girls
		Hentai Swimming Club
		Hentai Tales: Academy's Record
		Hentai Tales: Another Fairy Tales
		Hentai Tales: Backyard 33rd
		Hentai Tales: Bunny Hole
		Hentai Tales: C-D Girls
		Hentai Tales: Cheating Family
		Hentai Tales: Conception Shrine
		Hentai Tales: Fallen Brave Squad
		Hentai Tales: Futanari Office
		Hentai Tales: Futanari x Monster Girl
		Hentai Tales: Hunt Of Two Temptresses
		Hentai Tales: Isekai Uncle Reversal
		Hentai Tales: Isekai Uncle Reversal 2
		Hentai Tales: Licentious Town Azaria
		Hentai Tales: Monster Girl Tamer
		Hentai Tales: Mysterious Clinic
		Hentai Tales: Paradise After Death
		Hentai Tales: Saimin Kouhai
		Hentai Tales: Scent Of Mixed
		Hentai Tales: Seed Prison
		Hentai Tales: Sex Apartment
		Hentai Tales: Sex Institute
		Hentai Tales: Sex Parlor Report
		Hentai Tales: Sexual Guidance Class
		Hentai Tales: Strange Land Apaku
		Hentai Tales: Strangers House
		Hentai Tales: Strangers House 2
		Hentai Tales: Succubus Utopia
		Hentai Tales: Sweety Milf
		Hentai Tales: Taboo Sisters
		Hentai Tales: The Backrooms
		Hentai Tales: The Brave and Demon
		Hentai Tales: The Entrance To Isekai
		Hentai Tales: The Neko Returns
		Hentai Tales: The Secret Of Sato
		Hentai Tales: The World Only Maid
		Hentai Tales: Under Her Watch Forbidden Lessons
		Hentai Tales: Uninhabited Island
		Hentai Tavern
		Hentai Teachers (VR PORN Hentai Teachers)
		Hentai Temple
		Hentai Tentacle Survivors
		Hentai Thigh
		Hentai Tights
		Hentai tights
		Hentai Two Girls
		Hentai Uni 2
		Hentai Uni 3
		Hentai Uniform
		Hentai USSR
		Hentai Vampire
		Hentai Vivian
		Hentai VR
		Hentai VR 18+
		Hentai VR 3
		Hentai VR 4
		Hentai vs Evil: Back 4 Waifus
		Hentai Vs Orcs
		Hentai vs Virus: I Am Waifu
		Hentai Waifu
		Hentai Waifu
		Hentai Waifu (Hentai Waifu Vol.1)
		Hentai Waifu 101
		Hentai Waifu Girls
		Hentai Waifu II
		Hentai War
		Hentai Warfare (SteamDB Store App 1256960)
		Hentai Wet Dream
		Hentai Wild Milf
		Hentai Witch
		HENTAI WITCH ACADEMY 2
		HENTAI WITCH ACADEMY 3
		Hentai Woman (Born To Die)
		Hentai Words
		Hentai World Bikini
		Hentai World Bunny
		Hentai World Festival
		Hentai World Halloween
		Hentai World Love
		Hentai World Mystery
		Hentai World Relax
		Hentai World Sexy
		Hentai World Slice
		Hentai World Space
		Hentai World Succubus
		Hentai World West
		Hentai World Winter
		Hentai World: Animated Puzzle
		Hentai X
		Hentai X Thief
		Hentai XXX Plus: Jigsaws Vol 1
		Hentai XXX Plus: Jigsaws Vol 2
		Hentai Yumiko
		Hentai Zodiac Puzzle
		Hentai Zodiac Puzzle 2
		Hentai Zombie Moriana
		Hentai ヘンタイ - C-GUM VACCINATION
		Hentai: Magical Girls
		Hentai: Memory leak
		Hentai: Memory leak II
		HENTAI: MISSION BOMBASS
		Hentai: The Shell Game
		Hentai! GIRLS GIRLS GIRLS
		Hentai! Waifu Puzzles
		Hentai15Puzzle02
		HENTAICRAFT
		Hentailive - Business Couple
		Hentaimon
		Hentaimon Prologue
		HentaiNYA
		HENTAISLAND: Lost Pantsu
		HentaiTeachers
		Hentball
		Henteria Chronicles : The Peacekeepers
		Her Erotic Life
		Her Heart's Desire: A Landlord Epic
		Her Last Piece
		Her New Memory (Her New Memory - Hentai Simulator)
		Her Place VR
		Her Soft Hands
		Hero of Cursed Island
		Hero of Luxuria
		Hero Roy's Wedding
		Hero Zex
		Hero's Journey
		Heroes of Eroticism - Amorous Advances
		Heroes of Eroticism - New Beginnings
		Heroes of Eroticism - Opportunities of Love
		Heroine Conquest
		Herolike; An Unfortunate Isekai
		Hey Stranger! I Dare You to Love Me!
		Hidden Futa
		Hidden Realm of the Enchantress
		Hide or Sex
		Hiden Hijinks: No Cats in the Orgy, Please!
		Hijiri in the Succubus Castle
		Hikari no Hime:A Magic Fiction
		Hikari! Clover Rescue
		Hikari! Love Potion
		Hikki Girls
		Hilda and the tower of Lust
		Himeko Maid
		Hina Cast ! : After Dark
		Hinami Bay (HinamiBay)
		Hippy Girls
		His Bet, Her Loss
		Hisako and Shyla
		Hiscores! Gold
		Hisui no Kikai
		Hitozuma Netori Kannrinin
		HOBGOB ～Please Save Me～
		Hold The Dots!
		Hole Dweller
		Holiday Island
		Holiday Time
		Holiday with Gwen
		Hollow Memories
		Holy Whore Emily
		Homeless
		Honey (Honey：欲望、尊严与毁灭)
		Honey Homer
		Honey Homer RPS
		Honey Milf
		Honey Trap
		HoneyCome come come party
		Honeydew
		HoneyHoneyHoney!
		Honeymoon : Mystery Journey
		HoneySelect2Libido DX
		Hooked!
		Hopeless Junction (HOPELESS JUNCTION: cuppy dog barf girl and co.)
		hopeless.
		Hopepunk City
		Horny Alice: Gothic Run
		Horny Clinic
		Horny Crush
		Horny Doctor
		Horny Dungeon (Horny Dungeon: Tales from Aesion)
		Horny Elf
		Horny Elves and a Moral Orc
		Horny Fantasy Girl Hentai
		Horny Farm
		Horny Girl (h2)
		Horny Girl Hentai Puzzle
		Horny Girls (Horny Girls Hentai)
		Horny Goddesses Quiz
		Horny Haunts
		Horny Heart
		Horny Holiday
		Horny Hotel Maids
		Horny Housewives
		Horny Housewives 2
		Horny Housewives Booty Call Blackmail
		Horny Kingdom
		Horny Mage Chronicles
		Horny Nurses (CYBER SEX Horny Nurses)
		Horny Pixels
		Horny Princess Survivors
		Horny Punishment
		Horny Recruiter
		Horny Sakura
		Horny Sekai
		Horny Spell
		Horny Spy: Secret Mission
		Horny Studio 🎨
		Horny Suika: Wet Watermelon
		HORNY TEACHERS WANT TO FUCK
		Horny Villa
		Horny Warp (Horny Warp: Hentai Fantasy)
		Horny Witch: Crusade
		Horny Witch: Hunt
		hOrnyWars
		HOROS - monster slayer and lover of many (HOROS - Web of Shadows)
		Horror Girl Puzzle
		Horror Girls
		Horror In Hongdae
		Horses and Girls
		Hot & Lewd: Miami
		Hot & Steamy Knights
		hot and lovely
		Hot and Lovely : Purple Lust
		Hot and Lovely : Seduction waifu
		Hot And Lovely ：Charm
		Hot And Lovely ：Violet
		Hot And Lovely 2
		Hot And Lovely 3
		Hot And Lovely 5
		Hot And Lovely Waifu XXII
		Hot Babes
		Hot Cam
		Hot Candy Land
		Hot Coffe Shop
		Hot Dawn Uprising
		HOT FIT! / フィットしちゃお！～年上女性と汗だくレッスン初体験～ (HOT FIT!)
		Hot Head Alchemist
		Hot Hentai
		HOT HENTAI PUZZLE VOL.1
		Hot Hentai Puzzle Vol.2
		Hot Homework Help
		Hot Honey
		HOT MAGIC SAUSAGE
		Hot Milf
		Hot Milf 10 bikini
		Hot Milf 2
		Hot Milf 3
		Hot Milf 4
		Hot Milf 5
		Hot Milf 6
		Hot Milf 7
		Hot Milf 8
		Hot Milf 9
		HOT MILF VR
		Hot Mom
		HOT MOM WANTS SEX
		Hot Office: Sex Story 🔞
		Hot Pieces
		Hot Pussy College 🍓🔞
		Hot Pussy College 2 🍓🔞
		Hot Redheads
		Hot Reels
		Hot Sauna
		Hot Secretary Puzzle
		Hot Slice: Lust Exposed
		Hot Spins
		Hot Strip Poker 2
		Hot Swap
		Hot Swap: Cyberlust
		Hot Takes
		Hot Tentacles Shooter
		Hot Therapy
		HOT TOYS
		HOT VIEW ECCHI GIRLS
		Hot wife Tara
		Hotdog Man
		Hotel Lust
		HotRobot (Hot Robot)
		Hottie Sweetie
		Hotwife Jasmine
		Hotwives on Holiday
		House in the village by the river v2.0
		House of Detention
		House of Lust
		House of Maids
		House of Sin
		House of Witches
		Housemates
		How Heavy Are My Nuts
		How I Escaped Futa Prison
		How I Learned to Stop Worrying and Enjoy the End of the World
		How to Get a Japanese Girlfriend (And Save the World)
		How to lose one's virginity
		How To Punish A Witch
		How to Tame a Succubus
		HS Galaxy
		Hug Me, Senpai!
		Human Farm - Practice Section
		Human Farm - Rehabilitation
		Human-Hunting Hijinks
		Humans are not that against Lizardwomen
		Humans are not that against Lizardwomen 2
		Humiliation Dungeon Survivors
		Hungry Noemi
		HunieCam Studio
		HuniePop
		HuniePop 2: Double Date
		Hunky City
		Hunt and Snare
		Hunted on Eclipse-9
		HUNTER
		Hunter Girls
		Hunter Survive Zero
		Hunter: Space Pirates
		Huuma Mina: The Secret of Immortality
		Hybrislave
		Hyper Hentai Bikini Party
		Hyper Hentai Devil Hell
		Hyper Hentai Elf Attendant
		Hyper Hentai Sexy Sensei
		Hyper Hentai Sister Nun
		Hyper Mum Ft Adult Gaming
		Hyper-Casual Hentai
		Hypno Idols: Greatest Tits
		Hypno Mama
		Hypnolab VR
		Hypnosis App!
		Hypnosis Card 2 Happy Life
		Hypnosis Prison
		Hypnosis Sister Clicker
		Hypnotic Idol
		Hypnotizing Beautiful Sisters Who Piss Me Off
		I (DON'T) HATE HENTAI PUZZLES
		I Am Motherfucker
		I am the dirt-for art (​​Drowning in Her Sea​​)
		I Became a Femboy to Date One
		I Became my Punk Son's Fake Girlfriend
		I Can't Stop Gooning And Jorking To My Virtual Girlfriend
		I drink Sorrel Coffee to reboot reality, but I'm being hunted by Monster Girls and armed agents
		I got a cat maid！
		I got a millenary cat
		I got BLACKMAILED by a FUTANARI!
		I got CUCKED by a FUTANARI
		I got GOONED by a FEMBOY
		I got PINNED by a FUTANARI
		I got STICKY with a FEMBOY
		I got STRADDLED by a FEMBOY
		I keep Dying in Another World -What the hell, Goddess!-
		I Love Click
		I made a FEMBOY SQUIRT!
		I Rizzed Up a Femboy
		I Swear This Hentai Game Was A Gift
		I Think I Wanna Have Your Baby
		I took away my idol friend's virginity,and did something similar to NTR
		I Touched Tips with a Femboy
		I Walk Among Zombies Vol. 1 (Adult Version)
		I Walk Among Zombies Vol. 2 (Adult Version)
		I Wanna Fuck my Busty Boss
		I wanna fuck my daughter’s besties
		I Wanna Fuck my Mom's Best Friend
		I Want To Be Born Again From My Girlfriend's Big Breasted Mom
		I want to have your babies! ~Long-awaited reunion! My childhood friend got sexy and horny~
		I will obey you, Mistress
		I will obey you, Mistress 2
		I'd Lowkey Simp for that Bussin Femboy at Work
		I’LL FUCK YOUR GRANDPA! (I'LL FUCK YOUR GRANDPA!)
		I'm Caught in a Time Loop: I Need to Find a Girl as Soon as Possible
		Ice and Fire of Maiden
		Ice Cream
		Ice Maze
		Icing
		Idle Lust (Idle Lust - Succubus in Training)
		Idle Run Aya
		Idol Cultivation Process: Unspoken Rules ★ミ
		Idol Hacked!
		Idol Hands 2
		Idol Hunter (Idol Hunter : Hentai)
		Ijiaru Oneesann No Otsumami 2
		Iku Iku Succubus
		Illusion of Being - Chapter 1
		Image Delusion VR - SexVersion -
		Immoral-Bathhouse
		Immortal Girl
		Immortal Wanna
		Imperial Knightess Wein's Irregular Life
		Imperial Lovers
		Imprisoned Queen
		IN HEAT: Lustful Nights
		In The Dark
		In The Line Of My Heart
		In Your Shoes (In Your Shoes: An NSFW MILF & Daughter Sex VN)
		Inari
		Incautas Paradise
		Incubus
		Incubus Express
		Indecent Desires
		Indecent Details - Find the Difference
		Indecent Wife Hana: Gravure
		Indenture
		Indulgentia (Indulgentia - NSFW Anime Puzzle Game)
		Infiltrating a Cult
		Infinite Stars - The Visual Novel
		INFINITY
		Infinity Boob Clicker
		INFLATION Inc.
		Ingredients for the Chaos
		Inheritance: Ladeina's Path
		Injoku Byoutou
		Injoku Furin
		Ink and Intrigue
		Inn Another World
		Innocence Or Money - Prelude
		Innocence Or Money | Season 2 | Episode 1
		Innocence Or Money Season 1 - Episodes 1 to 3
		Innocent Au-pair
		Innocent Girl
		Innocent Grape
		Insert Rich Family Name
		Insexsity
		Inside Her (bedroom)
		Inside Jennifer - Season 1 (Inside Jennifer)
		Intense desire
		Intense Love Shot
		Interactive Sex - BDSM
		Interactive Sex - Futanari BDSM
		Interactive Sex - Naughty Stepsisters
		Interactive Sex - Threesome
		Intergalactic Ecstasy
		Interim Crossroads
		Interstellar Nomad
		Intertwined Fate with a Cat Demon
		Interview with the Horny Ghost
		Intimate Abode
		Into the Wonderland
		Introvert
		Intruder on the Bridge
		Intrusion of Alice
		Inugami: Doggy Dojo!
		Invisible Cock: They never saw it cumming!
		Invisible Man VR In Eleanor's room
		Iragon 18+
		Iragon: Prologue 18+
		Iron Disco
		Is It Wrong To Try To Rescue Monster Girls From The Inquisition?
		Is This Gay?
		Isabella: Chasing Shadows
		Isekai Attack On Oppai
		Isekai Awakening
		ISEKAI FRONTLINE
		Isekai Hero
		Isekai Janken Hero
		ISEKAI QUEST
		Isekai Reincarnation Magic Cock
		Isekai Sex Boutique
		Isekai Slave
		ISEKAI Truck Driver
		Isekai Wet Dream
		Island of Corruption
		Island of Lust
		Isuem's Elixir
		IT BEGAN
		It Was Raining That Night
		It's a Gluttonous Life
		It's a match!!
		It's Weird Here
		ItazuraVR
		jabara princess
		Jacob's Fantastic SeXXXual Voyage
		Jajazinho e as Delicias de Cristais
		Jameela and the treasure of the Demon Queen
		James Peris 2: The fountain of eternal drunkenness - UNCUT AND UNCENSORED (James Peris 2: La fuente de la eterna embriaguez Uncut and Uncensored)
		Jane & John (All I Want for Christmas is a Girlfriend)
		Japan Trip
		Japanese goblins
		JAPANESE LOVE
		Japanese MILF
		JASON, Coming of Age
		JB Hunter: Adventure
		Jeanne at the Clock Tower
		Jelly Party: Fire
		Jen's Suika: Merge & Date
		Jenni's DONG has got it GOIN' ON: The Jenni Trilogy
		Jennifer's Lustful Journey
		Jerez's Arena
		Jerez's Arena II (Jerez's Arena Ⅱ)
		JerezArena Ⅲ (Jerez's Arena Ⅲ)
		Jerking Off In Class Simulator
		Jerry Wanker and the Quest to get Laid
		Jessica's Choices - Origins
		Jessica's Choices- Series of Events
		Jessica's Life The Beginning
		Jessica's Plight
		Jester`s Theater Museum
		Jiggle Journey
		Jigoro
		Jigsaw Frame: Hot Anime
		Jigsaw Novel - Double Trouble
		Jigsaw Novel - Futanari Nurse
		Jigsaw Novel - Kinky Bondage
		Jigsaw Novel - Naughty Stewardesses
		Jigsaw Novel - Public Toilet Sex
		Jigsaw Novel - Sexy Job Interview
		Jigsaw Novel - Summer Threesome
		Jigsaw Novel - The Job Promotion
		Jigsaw Pussy: Hardcore Explicit Sex
		Jigsaw Puzzle - BDSM Room
		Jigsaw Puzzle - Futanari Massage
		Jigsaw Puzzle - Futanari Pool Party
		Jigsaw Puzzle - Futanari Roomate
		Jigsaw Puzzle - Futanari Threesome
		Jigsaw Puzzle - Swingers Party
		Jigsaw Swimsuit
		Jimmy Craft
		Jin Ping Mei
		Jixxaw
		Jixxaw: Party Time
		JNZ: Anchor Archetype
		Jobless & Horny: Roulette Gamble
		Jock Studio
		Joe's Quest
		JOI Lab (JOI Lab PC)
		JOI Lab VR
		Jugs Bay
		Juice Girl (蜜汁女孩 Juice Girl)
		JUICY ASS
		Juicy Cream Pie (Juicy Cream Pie ™)
		Juicy Futa
		Juicy Hentai
		Jump Fucker
		Jury - Episode 1: Before the Trial
		Just a Gigolo: Going to Wet Cum!
		Just Chatting
		Just Date
		Just Date Vegan
		Just Futanari
		Just in Slime
		Just One More Look
		JustFutanari 2
		Kaede the Eliminator / Eliminator 小枫
		KaiJu Girls
		Kaiju Princess 2
		Kajun-chan's Lucid Room (Kajun's Lucid Room)
		KALEIDOS - The Judgement of the Fallen Star
		KALMORA (KARMORA)
		Kamasutra Connect : Sexy Hentai Girls
		Kami-sama's Personal Servant
		Kamimachi Site - Dating story
		Kamtris
		Kanojo x Switch
		Kanojo xx Switch
		Kara no Shojo
		Karin's Instruction
		Karmasutra
		Karryn's Prison
		Kasia & Her Lesbian Slaves
		Kate Don't Wait
		Kate's Test
		Kawaii -Ryona Trap Dungeon-
		Kawaii Asian Girls
		Kawaii Elf Girls
		Kawaii Girl
		Kawaii Girl 2
		Kawaii Girls
		Kawaii girls puzzle
		Kawaii Hentai Girls 2
		Kawaii Hentai Girls 3
		Kawaii Hentai Sexy Girls
		Kawaii Jigsaw
		Kawaii Neko Girls
		Kawaii Neko Girls 2
		Kawaii Puzzle: Girl Adventure 🌸💖
		KAWAII SLIME ARENA
		Keiko-san (47) my co-worker, is a single mother
		Kemopop!
		Ketamine Girl
		Kiana & Biscuit - Pirates on a Visit!
		Kiara And My Ara Ara Adventure
		Kill The Censored
		Kill The Censored 2
		KillHer
		Kimagure Temptation
		KimiMuzi
		Kimono Girls
		Kindvixen's
		King Arthur Is Dead
		King in Yellow: Endless Sex Drama
		King of Halloween
		King of Kinks
		King of Peasants
		King of Phoenix
		King of Queendoms
		King of Texas
		King of the Raft (King of the Raft - A LitRPG Visual Novel Apocalypse Adventure)
		King's Amusements
		KingComing
		KINGDOM HORNY
		Kingdom of Lust
		Kingdom of Velvet Сhains
		Kings Love
		Kink.Inc (Kink.inc [18+])
		Kinky Cats (Kinky Cats 🔞)
		Kinky Cosplay Heroes
		Kinky Cosplay: Gyarus Gone Wild
		Kinky Fight Club
		Kinky Fight Club 2
		Kirakira stars idol project Reika
		KISS ME
		Klaroro - Abyss of the Soul
		Knife Sisters
		Knight and the three servants
		Knight Princess Eris
		KNIGHT SLAVE -The Dark Valkyrie of Depravity-
		Knightess in Debt
		Knightly Passions
		Knights of MILFgaard
		Knocking up my brother's wife: My sister-in-law can't resist my seed
		Knocking Up my Nympho Neighbors
		Knockout Master
		Knockout Master 2
		Knotfiction
		Knowledge Fever
		KoboldKare
		Komadori Inn
		Kotiro
		Koumi-Jima after Training with Konomi-chan Live2D
		Kris and the City of Pleasure
		KukkoroDays
		KULOSHIRUMU
		Kunoichi Keiko: The Lust Village
		Kunoichi Rush
		Kunoichi Tsubaki
		Kurage Life
		Kuri Kuri Click! 1 ~My Summer Vacation!~
		Kuri Kuri Click! 2 ~My Renaissance!~
		Kuri Kuri Click! 3 ~My Sweet Model!~
		Kuudere Funk
		L33na Redpepper
		La Douche
		LAB2-UndeR GrounD-
		Labyrinth Hearts
		Labyrinth Hearts II
		Labyrinth of Lust
		Labyrinth of Lust
		Ladies Restroom
		Lady Godiva
		Lady Sonia (Sex Lady Sonia)
		Lady's Escape
		Lady's Hentai Mosaic
		Lady's Tourney
		Ladykiller in a Bind
		LALA Hentai
		LALA Hentai 2
		Lana and the Milking Table
		Landlady Seduction Simulator
		Landlord and the Tenants (Nymphs)
		Landlord Girls (ddz shaonv)
		Lands Of Peace (Lands Of Peace: Legends - Chapter 1)
		Lashes of the Sea
		Last Devil
		Last Eclipse
		Last Evil
		Last Fantasy Hentai
		Last Girl in Futa Sexpocalypse
		LAST HAREM
		Last Hope
		Last Man
		Last sin of soul
		Last Standing
		Last Tour 終末旅行
		LAT The Punk World of Tentacled Monsters
		Late Night Delivery: The Bewitched Collection
		Late photographer 2
		Late photographer 2 free
		Latex & Tentacles
		Latex Dungeon
		LATEX, LEATHER, LIPSTICK, LOVE, LUST
		Laura Lustful Secrets
		Law School (Law School - Season 1)
		Layers of Bust
		LCF1
		League of Maidens (League of Maidens®)
		Leann sins
		Leanna Quest
		Leap 'n Bump!
		Leap of Faith
		Leap of Love
		Leaving DNA
		Lecherous Village
		Legacy of the Fallen
		Legend of Lilie
		Lens Life
		Lens Life II
		Lesbian Breakout
		Lesbian Voyeur Simulator
		Lesbian Voyeur Simulator 2
		LesbiAnts - Our New Morphology
		Let's Get Fit at Midnight, Shall We?
		Let's make... sports
		Let's MEAT Adam
		Let's MEAT Adam 2
		Let's Play with Nanai!
		Let's Study Japanese, A Sexy and Fun Way to Learn Japanese, vol1
		Let's take a bath with Purin 2
		Let's Turn Pick-Up Beach to a Nudist Fucking Beach!
		Lethal Women: World of Femdom and Espionage
		Level Up: The Gamer Girls
		Lewd & Nude | Anime Collector
		Lewd Anime Racing
		Lewd Beach 💦
		Lewd Cell
		Lewd Delivery
		Lewd Family
		Lewd Girls, Leave Me Alone! I Just Want to Play Video Games and Watch Anime! Hentai Edition
		LEWD GIRLS: Hentai Puzzle
		Lewd gym
		LEWD HENTAI PUZZLE
		Lewd Island
		Lewd Life with my Doggy Wife
		Lewd Math
		Lewd Puzzle [18+]
		LEWDAPOCALYPSE
		LewdQuest
		Lezdom CEO Fantasy
		Lgnorant girl doll
		Liars Dice XX
		Librarian Lust
		License to Breed
		Life and Sex in Men's Сollege - Season 1 💕🔞
		Life as Designed
		Life in Middle East
		Life in Rio
		Life is Paradise
		Life Matters (Life Matters - Season 1)
		Life on Mars (MiZtyl)
		Life With a College Girl
		Life with Mary
		Lifeform Zero
		Lifesigns
		Light Fall - A Clicker RPG (Light Fall: A Clicker RPG)
		Light Head Hentai Edition
		Like an Angel
		Lilim wants to Lv up♥
		Lilit H Project
		Lilith Rising - Season 1
		Lilith Rising - Season 2
		Lilith's Lair
		Lillian Night: Exclusive Contract of Succubus
		Lilly Knight (Lilly Knight and the Three Cities of Lust)
		Lily's Handmaid
		Lily’s Labyrinth of Lust
		Liminal Gas Station: Open All Night
		Limits of Sky
		Line's Guarder
		LineArt Jigsaw Puzzle - Erotica
		LineArt Jigsaw Puzzle - Erotica 2
		LineArt Jigsaw Puzzle - Erotica 3
		LineArt Jigsaw Puzzle - Erotica 4
		LineArt Jigsaw Puzzle - Erotica 5
		LineArt Jigsaw Puzzle - Erotica Christmas
		LineArt Jigsaw Puzzle - Erotica Summer
		LineArt Jigsaw Puzzle - Erotica Valentines
		LingerieS / ランジェリーズ
		LINGERING
		LIP! Lewd Idol Project Vol. 1
		LIP! Lewd Idol Project Vol. 2
		LIP! Lewd Idol Project Vol. 3
		Liquid Dreams
		Lisa Total investigation!
		LISC (LISC - Season 1)
		Little Fire Girl
		Liu Shan Maker
		live Desktop Beauty
		Live Empire
		Live Empire 2
		Live with aunt (與小姨的單身生活)
		Live with Mary
		Lives so Sweet
		Living In A Brothel
		Living together with Fox Demon
		Living with DemonLord-chan (Living with Demon Lord chan)
		Living with Temptation 1 - REDUX (Living with temptation CLASSIC)
		Living with Temptation 2: French Confessions
		Living with temptation: American sunset
		LivingDollsRebirth (Living Dolls Rebirth Alpha)
		Lkyt.
		Lockdown 2024
		Lockdown Lewd UP! (Lockdown Lewd UP! ❤️ New Hope Edition)
		Locked in Temptation
		Lofi Furries
		Lofi Milk Delivery
		Lofi Waifu Jigsaw
		Logical Inconsistencies
		Loi The Lover
		LOLLIPOP: SUMMER!
		LOLLIPOP!
		Lonely Catgirl is the Purrfect Pussy
		Lonely Christmas: Cupid's Punishment
		Lonely Christmas: Cute Santa
		Lonely Christmas: Sadistic Femdom Punishment
		Lonely Christmas: Sadistic Santa
		Lonely Christmas: Succubus Santa
		Lonely Girls Who Crave Your Touch
		Long and Hard... Summer!
		Long Story Short
		Loop Queen-Escape Dungeon 3
		Loot Line
		Lorain
		Lord Goblin
		Loser Got Isekai’d -Gotta Conquer the Girls Before Conquering the World-
		Lost at Birth
		Lost Chapter
		Lost Harem
		Lost in Endoria: A Monster Girl Harem
		Lost3
		Lot Lizard
		Love & Bitch (Love&Bitch)
		Love & Enchants (Love and Enchants)
		Love and Hatred
		Love and Sex: Second Base
		Love and Sex: Second Base - Shawn's story
		LOVE BAKUDAN
		Love challenge
		Love Chan
		Love Comp
		Love Confessions on the Adventure
		Love Education (Sex Education)
		Love Formula
		Love Hentai and Puzzles: Cattle and Horses
		Love Hentai and Puzzles: Cyberpunk Babes
		Love Hentai and Puzzles: Dungeon Boobs
		Love Hentai and Puzzles: Gamer Girls
		Love Hentai and Puzzles: Ocultist Girls
		Love Hentai and Puzzles: Yokai
		Love Hentai: Endgame
		Love Hentai: Fap Fast, Die Young
		Love Hentai: Sexy Body
		Love in Login
		Love in the Limelight
		Love Island
		Love Lock
		Love Love Candy
		Love love demon ji (Love love demon ji-恋恋妖姬)
		Love Love Diary
		love love love (sususususuusu)
		Love Make Power (Love Make Power 做愛發電公司)
		Love Mansion
		Love Menu
		Love of Magic
		Love of Magic Book 2: The War
		Love of Magic Book 3: The Return
		LOVE ON
		Love Potion
		Love Revenge
		Love Rhythm
		Love Rocket
		Love Room VR (Love Room)
		Love Season
		Love Sex & Fitness
		Love Sucks (Love Sucks: Night Three)
		Love Sucks: Night One
		Love Sucks: Night Two
		Love Vibe: Aria
		Love Wish 2
		Love with Furry (Love with Furry 🐺)
		Love X Crotch X GYM
		Love x Debut
		Love x Time
		LOVE³ -Love Cube-
		LoveArena
		LoveCraft
		Lovecraft Locker 2: Tentacle Breach
		Lovecraft Locker: Tentacle Hell
		LoveLove Quiz (Love Quiz Battle: LoveLove Quiz)
		Lovelust: Project Stockholm
		Lovely Anime Puzzle: Christmas
		Lovely Anime Puzzle: Lunar
		Lovely Anime Puzzle: Patrick
		Lovely Anime Puzzle: Valentine
		Lovely Anna
		Lovely Archeologists
		Lovely Brides
		Lovely Girl Puzzle
		Lovely Girls
		Lovely Girls
		Lovely Girls Puzzle
		Lovely Hentai
		Lovely Neko Girl (SteamDB Store App 2105590)
		Lovely NGO 愛愛性權關懷協會 (Lovely NGO)
		Lovely Nurse (SteamDB Store App 2372360)
		Lovely Overseer (Lovely Overseer - Dating Sim)
		Lovely Tesserae
		Lovely Warriors
		Lover's Trophy
		Loverse
		LoveXLust
		Lovey-Dovey Lockdown
		Loving Slaves (Loving Slaves - Season 1)
		Low-Key: A Dope Game
		LSDriver 1+2 (Remastered Collection)
		Lucie Adult Game HD (Training Lucie)
		Lucky Bastard
		Lucky Dog 1
		Lucky Mark
		Lucky Of Love (one game of game)
		Lucky One
		Lucy Got Problems
		Lulu & Ennoi - Sacred Suit Girls
		LUNA
		Luna and Cynthia
		Lunar maiden, River-side Angel, and the Godlike moment
		Lunar's Chosen - Episode 1
		Lunar's Chosen - Episode 2
		Lunatia Covenant -Pale White Agent-
		Lust 'n Dead 🔞
		Lust & Legends
		LUST & MAGIC ✨
		Lust Academy (Lust Academy - Season 1)
		Lust Academy Final
		Lust Academy Season 2
		Lust Academy Season 3
		Lust Arcanum
		LUST BET - Milf Edition
		Lust Bound
		Lust Bunker [18+]
		Lust By Appointment : Prologue
		Lust Colony
		LUST Company 👾
		Lust Complex
		LUST CURSE 🔞
		Lust Dungeon
		Lust Element (Lust Element - Season 1)
		Lust Epidemic
		Lust Epidemic 18+
		LUST Eternal 🔞
		Lust Fantasy 💜
		Lust for Darkness
		Lust for Darkness VR
		Lust For Lucre
		Lust for Speed
		Lust from Beyond
		Lust from Beyond: Prologue
		Lust from Beyond: Scarlet
		Lust Galaxy 🪐 🔞
		Lust Goddess
		Lust Horizon 🔞
		lust hostel
		Lust in Space 🔞🪐
		Lust Island🌴[18+]
		Lust Kingdom
		Lust Knight Lisa
		Lust lady friends
		Lust Mansion 🔞
		Lust Night💋
		Lust o’ Heaven (Lust or Heaven)
		Lust Odyssey
		Lust of God
		Lust of the Apartment Wives
		Lust Potions
		LUST RUSH
		Lust Selection: Episode One
		Lust Shot
		Lust Sisters 🔞
		Lust Storm
		Lust Survivor
		Lust Theory (Lust Theory - Season 1)
		Lust Theory Season 2
		Lust Theory Season 3
		Lust Vessel
		Lust's Cupid
		Lustborn
		Lustcraft
		Luster
		Lustful Apartment
		Lustful Apocalypse
		Lustful Assistant
		Lustful Brides
		Lustful Butler And Charming Sisters
		Lustful Chemistry
		Lustful Dead 🔞
		Lustful Fingers
		Lustful Ponies
		Lustful Ponies 2
		Lustful Professor
		Lustful Pussies
		Lustful Roommates
		Lustful Survival
		Lustful Tribe
		Lustful Valley
		Lustful Vampire
		Lustful Victor
		Lustlock Labyrinth
		LustRunner 3069: Tokyo Crisis
		LustVrStudio
		Lustwick Duchy
		Lusty Chapters
		Lusty God
		Lusty Shores
		LustyVerse: Passion on Display
		LustyVerse: ShackBang
		Lutnak·Quest
		LuvSic
		Luxury GIRLS
		Lyndaria: Lust Adventure
		Lyonesse
		M.A.I.D.s
		Machine Love 2069
		Machine Ruin Self-Destruction Masturbation Life of the Sky Temple
		Mad Island
		Made in Glory Hole: Lewd Painters Never Die
		Maelstrom: A Yaoi Visual Novel
		MAFIA: Sex Noir
		Mage Kanade's Futanari Dungeon Quest
		Magebuster: Amorous Augury
		Magic Charge Duet
		Magic Click
		Magic Heart
		MAGIC of LUST
		Magic Pussy: Chapter 1
		Magic Pussy: Chapter 2
		Magic Pussy: Chapter 3
		Magic Sexyland
		MAGICAL ANGEL FAIRY HEART
		Magical Fable: The Princess of Light
		Magical Girl
		Magical Girl Clicker
		Magical Girl D (Magical Girl D - Futanari RPG)
		Magical girl Noble Rose
		Magical Gyarus Milk Me for Mana
		Magical MILFs
		Magical Miri
		Magical Nut Ikuno
		Magical Waifus Academy
		MagicShop2
		MagicShop3D
		Magissy
		Mahjong Strip Solitaire: Harem Guild
		Mahou Mating
		Maid Cafe
		Maid Cafe ~Full Service~
		Maid Delight
		Maid for Pleasure
		Maid Harem With Futa
		Maid Mansion
		Maid Mansion Nightmare
		Maid of the Dead
		Maid Sisters' Service
		Maid Slaves & Golden Dungeon
		Maid Survivors : Little Angels
		Maiden and Swordsman
		Maiden Cops
		Maiden Kingdom
		Maiden Maze
		Maidens Madness
		Maidesktop
		MaidGardener
		MAIDOMINA VR
		Main Character Simulator
		Make Her Cum
		Make Love Not War
		Make Them Naked (Make Them Naked: Hentai)
		Maken-shi Sara
		Makeover Desire - HENSHIN GANBO
		Making Memories
		Makoku - The Seductive Twilight Squadron
		Malcatras' Maiden
		Malevolent Planet 2D
		Malicious Reload
		Malicious ReloadⅡ
		MAMA
		Man of Steal (Nymphs)
		Man of the House
		Man Wreck
		Man's body: For adults
		Mana Quest
		Mana Sisters
		Mandy's Room
		Mandy's Room 2: Naughty By Nature
		Manga Maker's Mega Milkers
		Mangoji
		Manic Magic Ciena's Desire
		MANKI YAGYO (Devils' Night Party)
		Manor of Mystic Courtesans
		ManServant: Yaoi BL Gay Visual Novel (ManServant: Gay Visual Novel)
		Mansion Affairs
		Manwhore Merchant: Breeding in Bulk
		MAOUISHO:~ La Dolce Vita with Another World's Demon Lord~
		Marble Maid
		Marble Maid 2: The Negative Levels
		Margarita (Berkeley's Maid: Remake Edition)
		MariAlbum
		Marionette Eden Breakers
		Marriage to the demon wife!
		Married Life With A Lamia
		Married Woman Cosplay Life
		Married Woman Hypnosis Counseling
		Married Woman Survivor
		Married Woman's Heaven2 -Breeding Apartments, Filling Married Women's Wombs with Child Seeds-
		Masochistic Elves from Another World
		MASSAGE MY EX-BULLY
		Massage Salon Story: Spring Breeze
		Mast Up! Seas of Desire
		Master of Deception
		Master of Ives
		Master of The Earth: Chapter 1
		Master of the Harem Guild
		Master of the House DX
		Master vs Slave
		Master-Servant Sex with the Beauty from the Orient ~Contract with a Semen-Sucking Demon~
		Match It Sexy
		Match it Sexy: FREE
		Material Girl
		Matrix Hearts: Season 1 (Matrix Hearts - Season 1)
		Mature Comedy Visual Novel
		Max's Big Bust 2 - Max's Bigger Bust
		Mech Academy
		Medieval Sex Jigsaw (The Medieval Sex Jigsaw)
		MEDUSA
		Meet a married woman at a hot spring
		Meet My Elf Girlfriend (DELETED)
		Meet My Stepmoms
		Meet My Teacher
		Meeting a Hunk in the Park
		Meeting Her
		Mega Hero
		Megacraft Hentai And Zombies
		Megacraft Hentai Apocalipsis
		Megacraft Hentai Battlegrounds
		Megacraft Hentai Survival
		Megacraft Hotspot Royale
		Megamelon: Suika Beach
		Megamin Quest! Teach Rotten Goddesses Their Place In This Classic RPG
		Melancholy Date
		Melia's Witch Test
		MELONS MILKSHAKE: LEWD SOUL
		MELONS MILKSHAKE: THE CREAMPIED MOMMY
		Melting pot.
		Meltys Quest
		Memoirs of a Battle Brothel
		Memories of Glass Maiden
		Memories with You
		Memory leak: Cyberpunk hentai (Cyberpunk hentai: Memory leak)
		Memory Novel - Girls Night Out
		Memory Novel - Lesbian Romance
		Memory Novel - Mile High Club
		Memory Novel - The Sex Sauna
		Memory Novel - The SPA
		Memory Novel - The Threesome
		Memory of Lust
		Memory Puzzle - Bad Girl
		Memory Puzzle - Futanari Boss
		Memory Puzzle - Futanari Doctor
		Memory Puzzle - Futanari Gym
		Memory Puzzle - Futanari Massage
		Memory Puzzle - Futanari Mistress
		Memory Puzzle - Futanari Threesome
		Memory Puzzle - Hentai Angels
		Memory Puzzle - Mile High Fun
		Memory Puzzle - Neko Girls
		Memory Puzzle - Sexy Fairies
		Men Bang
		Men Busters
		Mentes y Lienzos
		Meowhalla
		Merbert's Tower
		MERCILESS VIXXXEN
		Merge Nymphs
		Meria and The Island of Orcs
		Meritocracy of the Oni & Blade
		Mermaid Coralie ~ Love and Madness
		METAL BREAKER
		Metal Flame
		Metempsychosis
		Mi Mi Mi
		Miami Paradise
		Mice Tea
		Midnight Castle Succubus (Midnight Castle Succubus DX)
		Midnight Exhibitionist DX Edition
		Midnight Furry
		Midnight Memories: Sonata of the Soul
		Midnight Paradise
		Midnight Release
		Midnight Ride
		Midnight Saga: The Monster
		Midnight Shifts with Femboy
		Midnight Sin
		Midnight snack
		Midnight Stories
		Midnight Stories 2
		Midnight Stories 3
		Midnight Stories 4
		Midnight Stories 5
		Miho Adventures
		Mika and Sadie's Adventure
		Mikos Wish
		Miku (The Last Hentai - Miku)
		Milanoir
		Milena's manor house
		Milf Bar
		Milf Barman
		Milf City
		Milf Collection
		MILF Conditioning
		Milf Diary, I am Trying to Impregnate My Mom
		Milf Dream
		MILF HUNTER
		Milf Puzzle
		Milf Selena and the Dungeon of Magic Stones
		Milf Toys
		Milf Toys 2
		Milf Toys 3
		MILF's Plaza
		MILF's Plaza 2
		MILFs of Sunville - Season 1
		MILFs of Sunville - Season 2
		Milfvania Ep. 1
		Milfvania Ep. 2
		Milfvania Ep. 3
		Milfy Cases: Damsels in Distress
		Milfy City - Final Edition
		Milfy Way: Space Orgasm 🪐🔞
		Milfylicious - Chapter I
		Milk Bottle And Monster Girl
		Milk Bottle And Monster Girl 2
		MILK ME DARLING
		MILK ME DARLING: BUSTY AND THE BREAST
		MILK ME DARLING: TITS FAIRY
		MILKING FANTASY
		Milking Mira!
		Milkshake!
		Millie's Adventure
		MiMiMiShKa
		Mind Control: Eve of the Battle
		Mind-Blowing Girls
		Mind-Blowing Girls 2
		Mind-Blowing Girls 3
		Mind-controlling Magic Device
		Mindweaver Chronicles
		MINE
		Minesweeper Girl
		Mini Treasure Girl
		Mirage
		Mirai's Midnight Stream
		Mire
		Mireille and Amrita, the Forest of Illusions
		Mirror
		Mirror Chains
		Mirror Magic
		Mirror World
		Misha's incident
		Miss Agatha's Palace
		Miss Furry
		Miss Kawaii
		Miss Kawaii 2
		Miss Kawaii 3
		Miss You
		Miss！Don't Affect my Rank
		Mister Furry
		Mister Versatile: A Gay Superhero Visual Novel
		Mistress Marigold's Home Improvement
		Mistress of Lust: Carmilla
		Mistress vs Slave
		Misty Abyss
		Mix Hentai Girls
		Miya & Aya: Hentai Puzzle 18+
		Mizari Loves Company
		MMA Championship
		MMA Life Simulator
		Model Casting
		Model Melissa
		Modern Pink Elf RPG
		MoeSpotter - Uncover the Girls' Mysteries!
		Mojo 2
		Mojo XXX
		Mojo: Hanako
		Mokoko X: The First Date
		Moloko
		Mom got stuck in the washing machine
		MOMENTUM ART BLAST
		Mommy Milkers Miko
		Mommy Sensei: Horny Homework
		Mommy-Goddess of Unconditional Love ~Wow, You Sure Gave It Your All Out There!~
		Mommy's Boy
		Mommy's Milk and Cookies - Christmas Sex Puzzles
		Momo's Conflict
		Momo's Eternal Adventure
		Mon-Musu Master
		Mon-Musu Quest
		MonGirl Conquest
		MonGirl Expedition
		MONMUSU
		Monmusu Paradise
		Monmusu Paradise ~Visitors~
		Monolilith
		Monster
		Monster 2
		Monster 3
		Monster Brothel
		Monster Charmer
		Monster Charmer Prologue
		Monster City: A Monster College Story
		Monster College
		Monster Gals!!
		Monster Gangbang
		Monster Girl 1,000
		Monster Girl Breeder
		Monster Girl Club Bifrost
		Monster Girl Conquest Records Battle Orc
		Monster Girl Descent
		Monster Girl Dormitory
		Monster Girl Dungeon
		Monster Girl Fantasy 2: Exposed
		Monster Girl Garden
		Monster Girl Incursion
		Monster Girl Invasion RPG - Part 1
		Monster Girl Island: Prologue
		Monster Girl Jungle
		Monster Girl Puzzle
		Monster Girl's Labyrinth
		Monster Hookups
		Monster Lover 1 (Monster Lover: Balasque)
		Monster Lover 2 (Monster Lover 2: Ambrosilas)
		Monster MILF Hunter
		Monster Ops
		Monster Ops 10
		Monster Ops 11
		Monster Ops 12
		Monster Ops 13
		Monster Ops 14
		Monster Ops 2
		Monster Ops 3
		Monster Ops 4
		Monster Ops 5
		Monster Ops 6
		Monster Ops 7
		Monster Ops 8
		Monster Ops 9
		Monster Parade: Nurturing a Hero’s Sacred Sword!?
		Monster Souls: Chains of Chimera
		Monster Waifu
		Monster Women Suvivors
		Monstergasm
		MONSTERS POTION!
		Monstrous Liberation
		Monstrous Love
		MoonFall / Butterfly Lovers
		Moonripple Lake
		Morningdew Farms: A Gay Farming Game
		Morningstar: Book of the Fallen
		Mosaic Girl Savior
		Mosaic Your Crush!
		Mosaique Neko Waifus
		Mota of Latex
		Motel Bondage
		Mother Daughter Pleasure Pets
		Motherless - Season 1
		Mothers and Daughters
		Mourning Inc.
		Moushooter
		Move The Chains (Move The Chains - Season 1)
		Moving Down
		Moving in with My Step-sister
		Ms. Han's After-School Tutoring
		Muchi Muchi SEXTRA
		MudBlood Prologue
		Multiverse Crush
		Muscle MILF
		Muse War
		Muse:Night Out
		Muse:Valkiri&Dungeon
		MUSICUS!
		Mutant Alley
		Mutant Alley: Do The Dinosaur
		Mutant College
		MWNeus
		My Agent is a Futanari
		My AI Girlfriend
		My Anchor Girlfriend
		My Ass Pass to Succubus Sexland!
		My Bath Tub Companion
		My Beeloved
		My Best Friend Kouta
		My Bestie is a Femboy Streamer
		My Bimbo Dream - Season 2
		My Bimbo Dream (My Bimbo Dream - Season 1)
		My Boss is a Futanari
		My boss is weird
		My Boss Leidi
		My Boss' Wife is My Ex ~Reluctantly Drowning in Sex Deals After Hours~
		My Boyfriend is a Martian👰❤️👽
		My Breast Friend Sally
		My Bullies Are Fucking My Mom!
		My Burning Heart
		My Caligula
		My Catgirl Maid Thinks She Runs the Place
		My Cheetah Friend
		My COUSIN is a FEMBOY
		My Creampie Heaven
		My Cute Egg Diary
		My Cute Girls
		My Cute Roommate
		My Days In Belair
		My Days With Mia
		My Demon Family (My Demon Kin)
		My Demonic Romance
		My devil's voice (My devil's voice (MLA))
		My Dictator Stalin Can't Be This Cute ?!
		My Doctor is a Futanari
		My Dorm - Temporada 1 (My Dorm - Season 1)
		My Dream Girl
		My Egg Girls: A Gentle Story
		My Escort Company
		My evil magician boss suddenly loves me?!
		My Ex Sister in Law
		My Ex-future Family
		My Ex-Future Family Season 2
		My Faithful and Loyal Wife Would Never Cheat on Me
		My Fake Goblin Wife
		My favorite dream girls
		My Femboy Maid
		My Femboy Roommate: Special Weekend
		My First Femboy Date
		My first Furry
		My Forest Home
		My Friend's Family (Captain Kitty)
		My Futa Girlfriend 🔞
		My Futanari Stepmom Impregnated Me
		My Future Wife (InsanErotica)
		My Giant Friend (Giant Wishes)
		My Girlfriend is a Futanari
		My Girlfriend is... Centaur
		My Goddess of Love
		My Goth Goblin Princess
		My Gym Mommy Treats Me Like A Kid
		My Happy Girls
		My Harem
		My Holiness the Gobliness
		My hot beach vacation
		My intimate love with the devil king
		My Kirin kidney and my beloved teachers
		My Kirin kidney and my beloved teachers 2
		My Landlord is a Futanari
		My Lewd Adventure
		My Life In A Monster Girl Paradise
		My Little Career
		MY LITTLE MILF
		My Lovable Demon
		My Lovely Girls
		My Lovely Noblewomen
		My Lovely Stepsister
		My Lust Wish
		My Magical Demon Lover
		My Married Cousin's Need for Seed
		My Mentally Unstable Streamer Girlfriend Is an Abusive Sadist
		My MILF Stepmom 2: Family Party💋
		My MILF Stepmom: Free Use💋
		My MILF Stepmom💋
		My Mistress
		My Mistress Lu Bu
		My NAUGHTY Shotgun
		My Naughty Summer Vacation ~Days in Countryside and Memories of Summer~
		MY NEEDY NEIGHBOUR GIRLS
		My Neighbor's Lonely Wife
		My Neighbor's Lonely Wife 2
		My neighbour is a bunny demon
		MY Neko Waifu!
		My New Memories
		My New Memories: The Beginning
		My new neighbor is a Futa
		My New Roommate Is a Jealous Sadist
		My Newborn Life In A Harem
		My Office
		My Oppai Mommy Makes Me Want To Spill All Of My Company Secrets
		My oshi vtuber jumped through the screen and now we're living together: Chill and vibey beast girl game streamer
		My oshi vtuber jumped through the screen and now we're living together: I want to make a contract with the lady vampire
		My oshi vtuber jumped through the screen and now we're living together: Slightly psycho succubus ASMR streamer
		My Pet Sitter is a Futanari
		MY PLACE IS CURSED
		My Pleasure - Season 1
		My Pleasure - Season 3
		My proud girlfriend--Lina Chapter
		My Royal Maid R
		My Sadistic Princess Is My Roommate
		My Sadistic Yandere Goth Girlfriend is My Boss
		My Sadistic Yandere Goth Mom Mercilessly Dominates Me
		My Sadistic Yandere Goth Sister and Mom Bully Me
		My Sadistic Yandere Goth Wife Mercilessly Dominates Me
		My Secret Girlfriends ;) (SteamDB Store App 1195390)
		My Secretary Bird
		My Sexual Hospitalization
		My Sexy Neighbor 🔞
		My Sexy Neighbor 🔞 Prologue
		My sexy Neighbour 2
		My Sexy Neighbour 2 | Prologue
		My Sexy Waitress
		My Shameless StepMom
		My Shy Futanari Succubus
		My sister-in-law won't let go of my cock ~Seduced by a widowed proprietress~
		My Sister's Secret
		My Smug Bully Girlfriend
		My Soldiers
		My step family (0010100)
		My Step Sisters
		My Stepbro is a Femboy
		My Stepmom is a Futanari
		My Stepmom is a Futanari 2
		My Stepmom is a Futanari 3
		My Stepmom is a Futanari Chemist
		My Stepsis is a Furry Futa Fox
		My Stepsis is a Futanari
		My Stepsis is a Futanari 2
		My Strange Girlfriends
		My student loves me!
		My Sugar Mommy is a Futanari
		My Summer (InsanErotica)
		My Summer Vacation
		My Sweet Summer
		My Territory Was Witches' Island!?
		My Therapist is a Futanari
		My Therapist is a Futanari 2
		My Tomboy Bully Uses Me as Her Punching Bag
		My Trainer is a Futanari
		My Tsundere Femboy
		My University Girlfriend
		My Unusual Feline Friend
		My VALENTINE is a FEMBOY
		MY VIRGIN ROOMMATE
		My Waifu - a Pornstar
		My waifu guild
		MY WIFE IS A FOOTBALL COACH
		My wife is a porn star
		My wife is an office manager
		My Wife Sucked a Futanari's Toes
		My wife's cheating on me!
		My Wife's Voice Through the Wall (My Wife’s Voice Is Cumming Through the Wall)
		My Yandere is a Futanari
		My Yandere Sister Loves Me Too Much!
		MyJapaneseTeacher
		Mylene and the Lust temple
		Mystery Quest
		Mystic Pub
		Mystillion
		Mystwood Manor
		Myth of Angels: Prologue
		Mythology Waifus Mahjong
		Mythos, Book One
		Nade Nade Onna no Ko 7: Imprisonment Sex Story
		Naga Girls
		Nagori Rokudo Striving to be her ideal self -The inexperienced love life of a hard-to-get psychology lecturer-
		Naive Riri
		Nakadashi Banzai
		Nakadashi Banzai 4
		Naked Boy
		Naked Erotic Dance Girls
		Naked Hero
		Naked Interrogation Simulator
		Naked Lust and Burning Passions
		Naked Maya Tattoo Girls From Outer Space
		Naked Porn Battle
		Naked Puzzle: Girls
		Naked Story
		Naked Story (Sports Festival Ver)
		Naked Warrior
		Namaiki Dark Elf Sisters
		Nandemoya of Flower Street
		Nao in Heat! ~Kemomimi Girl's Naughty Treatment~
		Nao's Love Triangle: Hentai Puzzle 18+
		Naomi's Exhibition
		Narco Lolita
		Natalia
		Natsuki's Life In Prison
		Nature and Girls
		Naughty Chat (Naughty Chat 🍆)
		Naughty College 18+
		Naughty Demon
		Naughty Doughy
		Naughty Girl
		Naughty Girl
		Naughty Girl 2
		Naughty List
		Naughty Memories
		Naughty Memories: Asian Beauty
		Naughty Nate : Cosplay
		Naughty Puzzles
		Naughty Queens
		Naughty Store Manager
		Naughty study for exams with a ghost
		Naughty Tales of Rabbits - A cuckold RPG
		Naughty Waifu
		Nayla's Castle
		Nayla's Fable: Lust & Rust
		Nectar
		Needy Dragons
		Negligee
		Negligee: Girls Night
		Negligee: Love Stories (adult ver) (Negligee: Love Stories)
		Negligee: Opposites Attract
		Negligee: Spring Clean
		Negligee: Spring Clean Prelude
		Neighbor Diana
		Neighbor Watching
		Neko Dating Sim
		Neko Girls
		Neko Girls Puzzle
		Neko Girls: Hentai Jigsaw Photo Studio
		Neko Hentai Girl
		Neko Hentai Girl: Beach Match-3
		Neko Neko
		NEKO PAPALA
		Neko Puzzle
		Neko Secret - Homecoming
		Neko Waifu
		NEKO-GIRL PLAY
		Nekodeito
		Nekomancer: Seeded by Darkness
		Nekomata Kitan
		NekoMiko
		Nemurimouto
		Neon City Hacker
		Neon Girls
		Neon Nights
		Neon Nights 2
		Neon Sex Dream
		Netorare Sankaku Kankei
		Netorare Wife -Yukiko- 20 Years After Marriage
		Netoria Tactics 2
		Netoria Tactics: Revolution Gold Edition (Netoria Tactics: Revolution Gold)
		Netorious Neighbor Cumming for their Wives!
		Network Euphoria
		Neuronaut
		Never Meet Your Heroes
		Never Trust a Fox
		New Adult Reality
		New Antioch
		New Earth (MiZtyl)
		New Earth Saga of the New Gods
		New Eromancer
		New Perspective
		New Year Girls
		New Year SEX PARTY (Hardcore!!! MILF Sex party)
		Nexus of Fate
		Nexus Travelers: Hero of Elocea
		Night and Day
		Night City 2177
		Night Dessert
		Night Dreams
		Night of The Black Goat
		Night of the Sex Beast and the Elf Knight
		Night Shift
		Night Stroll
		NIGHT/SHADE: You're The Drug
		NightClub 69: Bunny Girls
		NIghtmare
		Nightmare
		Nine Hentai Babes
		Ninja Infiltration
		NinjaGirlArune
		NinNinDays
		NinNinDays2
		Nippon Ecchi Jigsaw
		NKO DICE (NKODICE)
		No Fap Island (No Fap Island 💦)
		No Hell For Me
		No Mercy (No Mercy 🔞)
		No More Money (No More Money - Season 1)
		No Such Luck
		No-good Streamer Mirai-chan! (Now accepting lewd comments
		NO, THANK YOU!!!
		No.HazedHeart
		Noah and Blackmagician
		Nocan's Quest: Sex Gold Glory
		Nomadic Tale (Harvest Elysium)
		Nomyou
		Nono's Quest
		Nope Nope Nurses Melee
		Nora - Forest Nights
		Nordstrums Treasure
		Norn's Dine
		Not Alone in the Space
		Not An Angels (Not An Angels: Erotic Puzzle)
		Not her , But mine
		Nothing is Forever
		NSFW Solitaire
		NSFW Studio
		Nsfw.Voice.Box
		NSFWare
		NSFWRoomVR
		NTR Dream
		NTR LIFE
		NTR Loop
		NTR Massage & Betrayal
		NTR Office
		NTR sex with bunny girl!? Strip poker in casino...!
		NTR Sexy girl with Cold-hearded
		NTR'd By Clumsiness
		NTRaholic
		NTRaholic Remix
		NTRstory
		Nude and Afraid: 11 Day Challenge
		Nude Cat Fights
		Nude Crisis
		Nude In The Castle
		NudGirls
		Nudist Beach Survival Simulator 2
		Nudist College
		Nudity Beach Simulator 2025
		NUDOMATIC
		NULL [Remastered]
		Nun and Light's Unreachable Forest
		Nurse Me!
		Nursing Back to Pleasure
		Nya Nya Nya Girls 2 (ʻʻʻ)_(=^･ω･^=)_(ʻʻʻ)
		Nyasha
		Nyasha Beach
		Nyasha Land of Elves
		Nyasha Valkyrie
		Nyasha Winter
		Nympho Monster Domination
		Nympho Trainer VR
		Nympho's Path
		Nymphomaniac - Sex Addict
		Nymphs of the forest
		Oasis Of Lust
		Obedient Women
		Object Ward
		Object Ward. ~April Fools' Collection~
		Obnulenie
		Oboi
		Obscene Mansion
		Obscene Medical Records of a Married Nurse
		OBSCURA
		Occult Rewrite
		Occultus: Daughter of Darkness
		Occupational Hazards: Episode 1
		OCCUPIED
		OCEANIDES of the World's End: Legend of the Big-Breasted Swimsuit Beauty Guardian
		Oceanlust: Erotic Descent (Oceanlust: Erotic Descent 🔞)
		Ody Mos
		Odyssey of Gianna
		Oedo Trigger VR!!
		Oedo Trigger!!
		Office Affairs
		Office Affairs : Executive Decisions
		Office Harasser
		Office Harasser - Sell your girls!
		Office Intrigue
		Office Is My Harem🔞
		Office Lady: Vore Game
		Office Life
		Office Love Affair
		Office Perks
		Office Rivals
		Office Waifu
		Official Wicked Vixen Silicone Scramble
		Official Wicked Vixxen Whack-A-Dick (Official Wicked Vixen Whack-A-Dick Pro)
		OG Streamer Beats
		Oh My Girl / 我的女孩 (Oh My Girl)
		Oh So Hero!
		Oh Yeah
		Ohupako Tyoukyou Haisinn
		Ojiv
		OKeverything with 3000 beauties 2
		OKeverything with 3000 beauties 3
		OKeverything:Evil Boy 1001 Sinful Reincarnations
		OMG! Not Another Isekai
		Omni Magic!
		Once a Porn a Time
		Once a Porn a Time 2
		Once Ever After
		One Barbarian Futa Tribe Chapter 1: Violet
		One Barbarian Futa Tribe Chapter 2: Red
		One Hell of a Week
		One Iced Latte With Your Breast Milk, Please!
		One Lie
		One Night ~Young Bride for One Night~
		One Night of Romance with my waifu
		One Night with CLARA
		One Possible Future
		One Sex Night
		One Small Favor (A Small Favor)
		One Week With You
		One Wild Futa Nightclub
		OneDayOne
		Oni Oneesan
		Oni Onsen
		Onii-chan Asobo
		Only Cards
		Only Cum!
		Only Furry 18+
		Only Sex in the Brothel
		Only Whores Survive 🔞
		OnlyCans: Thirst Date
		OnlyDefense
		OnlyFap Simulator 💦
		OnlyFap Simulator 2 💦
		OnlyFap Simulator 3 💦
		OnlyFap Simulator 4 💦
		OnlyFap Simulator 6 💦
		OnlyFap: Fitness Baby 🔞💦
		OnlyFuck - RuRu's Adventures
		OnlyFuck 2: Scarlett
		OnlyGame: Athlete girls
		OnlyGame: Gamer Girl
		OnlyGame: Working Girls
		Onmyoji in the Otherworld: Sayaka's Story
		Onsen MILF Rainbow Party
		OnsenVR
		Open At Nine
		OpenFlower
		Operation Food to Gold
		Operation Lovecraft: Fallen Doll
		Operation Sexy Sudoku
		OPPAI Academy Big, Bouncy, Booby Babes!
		Oppai Daisuki
		OPPAI Ero App Academy Bigger, Better, Electric Boobaloo!
		Oppai Muse
		Oppai Puzzle L
		OPPAI RENDER
		OPPAI RENDER: FIRST LOVE
		Oppai Samurai: Knocked up by a No Name Novice
		OPPAI Succubus Academy Sucky and Busty, Demonic and Lusty!
		Oppaidius Desert Island!
		Oppaidius Summer Trouble!
		Oppaidius Tropical Cruise!
		Opportunity: A Sugar Baby Story
		ORB IN WONDER
		Orc Covenant (Orc Covenant: Gay Bara Orc Visual Novel)
		Orc Hunter Wizard Emona
		Orc Massage
		Orcs like to fuck elfes
		Ore no Yome VR
		Orgasm Academy 💦
		Orgasm Simulator 2023
		Orgasm Simulator 2024 💦
		Orgasm Simulator 3 💦
		Orionide: Prologue
		ORO
		Orphus - A Hentai CCG
		OSAWARI HOCKEY えんこちゃん
		Otaku‘s Daily
		Otaku's Rage: Waifu Strikes Back
		Otoko Cross: Pretty Boys Breakup!
		Otoko Cross: Pretty Boys Dropout!
		Otoko Cross: Pretty Boys Klondike Solitaire
		Otoko Cross: Pretty Boys Mahjong Solitaire
		Otoko Orgy at Maid Boy Manor
		Our Apartment
		Our Home
		Our Little Secret! Heart-Pounding Idol Sex! Forbidden Lessons with the Manager
		Our Memories - Hentai
		Our Red String
		Our Winding Road
		Outbreak Zombie Plague
		Outside The Box
		Over Devil: Legend of the Sacred Stone (OVER‧DeviL: Legend of the sacred stone)
		Over the Moon
		Overcraft
		Overgrown: Genesis
		Overlewd
		Overvåkerne
		Ovidius (Blood for Love)
		Paccsu
		Pachi Pachi 2 On A Roll
		Pachi Pachi On A Roll
		Pacifist Kunoichi Kikyo
		pact with a witch
		Pain Cage Tournament
		Paintings Thief
		Paizuri Fantasies Kinetic Novel
		Paladin's Horn: The Destiny of the Holy Lance
		Pale Light
		Palm Sex Night's
		PanChira Concentration
		Pandemic Heart
		Pandemommyum! Hot Single Moms in My Area
		Pandora
		Pang & Bang (Pang and Bang)
		Panic Timing (Panic Timing (惊恐计时))
		Pantheon: Card Game of H - Part 1 (Pantheon: Card Game of Hentai - Part 1)
		Panties Attack
		Panty Load
		Pantyhoes
		Panzermadels: Tank Dating Simulator
		Paper Shakespeare: Very Naked Hamlet
		Para Ark
		PARADISE CLEANING - Conquering Married Women through Sex -
		PARADISE CLEANING - Married Woman Cosplay Life -
		PARADISE CLEANING - pregnant ogre -
		PARADISE CLEANING - Sister X Slaves -
		PARADISE CLEANING -Me and my Doctor's life in the hospital-
		Paradise Cleaning!
		Paradise Cleaning!- Days with Marie, My Love -
		Paradise Cleaning!- sex-loving family -
		Paradise Cleaning!- Sexual Massage shop -AKARI-
		Paradise Cleaning!- Tutor X Hypnosis -
		Paradise Delight
		Paradise Girls
		Paradise Inc
		Paradise Lofts
		PARADISE LOVE
		Paradise Lust
		Paradise Lust 2
		Paradise Lust 3
		paradise of desire
		Paradise Puzzle!
		PARADISE SHOOTING 2!!
		Paradise Shooting!!
		Paradise Trails
		Paradiso Guardian
		Paradox Guardians
		Parasite Black
		Parasite Echo
		Parasite Infection
		Parasite Inside
		Parasitic Evil
		Parfum Nostalgique: Full Bloom Edition
		Park of Hidden Desires
		Part Of My Heart
		Part-Time Witch
		Particles of Reality
		Party Quickie
		Passion Industry
		Passion Rift
		PASSIONERS
		PAWG Runner (PAWG Runner: A NSFW Platformer)
		Peach Hills Division
		Peach Tangle
		Peachy Sands Bay
		Peasant Dream: Ascension
		Peepers Paradise
		Peeping Dorm Manager
		Penis Hero - Adult Only
		Penny for Your Thoughts
		Pepper Girl
		Perfect Affection Plan: Cassiopeia
		PERFECT CELLS PROJECT
		Perfect Date
		Perfect Shot
		PerfectLover
		Perky Little Things
		Permission To Dock
		Perseverance Part: 2
		PERSEVERANCE: Chapter 1
		Personal Study
		Personal Trainer
		Personality Excretion Hero Silvy's Rebirth
		Perv Simulator VR
		Perv's Hotel, Lust from Sweden
		PERVERTS
		Perverts Society
		Pets and Girls
		Phantom Girls: Ghostbuster
		Phantom Girls: Hellish Hospital
		Phantom sense VR
		Phantom Tentacle
		Phantom Thief Effie
		Phantom Thief Sylphy
		Phantom Thief Sylphy 2 - The Collector
		Phantoms
		Philomel
		Phoenix Nirvana Rebirth
		Phoenix Nirvana Rebirth 2
		Photo-Life - Rina's Journey
		Photos
		Phyllis, The Receptionist of The Guild
		Picture Perfect
		Pieces of my Heart
		Pieces of the Abyss : Succubus
		Pigeon Hater
		Pigglet in Mrs. Big Bad Werewolf
		Pigsaw: Human Abattoir
		PIMP Island
		Pinball Groupies
		Pinch of Fighting Girls
		Pink Girls
		Pinup Ball (Pinup Ball - Sexy Strip Pinball)
		Pious Ari
		Pirate Booty and the Bukkake Buccaneer
		Pirates Girls
		Pirates: Golden tits chapter 1
		Pitball: Winter Waifus
		Pixel Art Hentai Trap Hot Spring
		Pixel Hentai Mosaic
		Pixelate Must Die
		Pixie Panic Garden
		Pixie Pleasures 🧚‍♀️
		Pizza Delivery Boy (PORN Pizza Delivery Boy)
		Planet Lust
		Plant Girls: Insect Invasion
		Plastic Soul
		Play Me
		Play with NEKO
		Playing with My Brother's Wife
		Please FUCK ME my neighbor (Please FUCK ME my SEXY neighbor)
		Please Subscribe! Magical Revantia Channel: The Magical Girl Powered by Viewers
		Pleasure Airlines
		Pleasure Climb
		Pleasure Delving
		Pleasure Kingdom
		Pleasure Party
		Pleasure Party 2
		Pleasure Thieves
		Pleasurepunk: Drug Dealer
		Pledge: Extra credit
		Plunderers Adventures: Sea of Whores
		PMC Promiscuity
		Pocket Hoes
		Pocket Waifu
		Pocket Waifu: Rekindled
		Poker Show VR
		Pole dancers XXX
		Police hot Tale
		PongPong
		PongPong Girl
		Pookie has a Fantasy 2
		Pookie has a Fantasy!
		Pookie's Lingerie Shop
		Pool Adventure
		Poolside 18+
		Poon Puzzle
		Poopy's WONDERLAND
		POORLY drawn but HORNY
		Poozle Mania
		Porcelain Dolls
		Porn and Cards (Once a Porn a Time: Porn and Cards)
		Porn Empire
		PORN Handyman VR
		Porn Star Fake Interview (Naughty MILF casting: Porn Star VR)
		Porn Star Island
		PornBitch Hardcore: Hot Explicit Sex (PornBeat Hardcore: Hot Explicit Sex)
		Porndle
		Porno Empire [18+]
		Porno Studio Tycoon
		Pornocrates
		Pornocrates: Osiris's Seed
		Pornocrates: VHS
		Pose Crush: Waifu Edition
		Potential
		Praia Ardente
		Pregnant Ogre
		Prepare Uranus: Exploring Black Holes for Adults
		Pretty - Exotic
		Pretty Girls and Dark Witch. A simple story
		Pretty Hentai Girls
		Price for Freedom: Gold and Sand
		Price of Power
		Priestess Lust
		Primeval Planet: Angimanation
		Prince of Suburbia - Part 1
		Princess & Conquest
		Princess Burst
		Princess Cage
		Princess Colosseum
		Princess Daphne and the Orcs
		Princess Guard
		Princess of Mekana
		Princess Paradise
		Princess Safia & Her Lesbian Master
		PRIPRI
		Prison 69 - 24 Hours In Jail
		Prison Princess: Trapped Allure
		Prisoner Breaker
		Prisseceal, the Dazzling-and-Flaring Peach Princess
		Private Dance VR
		Private Dick (Private Dick: Lipstick & Lies)
		Private Garden
		Prodigy Trainer
		Professional Married Woman Cuckolder
		Profi Girls
		Project Cappuccino
		Project Cappuccino 2: The Succubus Throne
		Project Coffee
		Project Genome
		Project Mnemosyne
		Project QT
		Project Quimbly
		Project Skyward
		Project Venus.RP
		Project WAND: Festival Of Futas
		Project WAND: Land of Leng
		Project Werewulf
		Project: Mirror
		Project: Stellar Girls
		Project: Sword Art
		Project: WATERFALL
		Projekt Melody: A Nut Between Worlds
		Projekt: Passion - Season 2
		Projekt: Passion (Projekt: Passion - Season 1)
		Prostate Clicker: A Touch of Love
		Prostitute Island
		Prostitute Pimp
		Prostitute Simulator
		Prostitute Simulator 2
		Prostitute Simulator 3
		Protect Grass
		Protect Harem City
		Protocol Endfall
		Psychic Ward: Kill The Seven King Dragon
		Psycho Love: Paradise
		Public Bounce
		Puff Town
		PumPum
		PumPum 2
		Punishment NyanNyan
		Puppeteer : Control
		Puppetmaster - Movie Viewer (Puppetmaster Movie-Viewer)
		Puppetmaster - Pose Viewer
		Pure Fun VR
		Purple Eye
		Pussies Wrestling Dicks
		PUSSY
		PUSSY 2
		PUSSY 3
		PUSSY 4
		PUSSY 5
		PUSSY 6
		Pussy Clicker
		Pussy Cum with me
		Pussy Kingdom: Queen of Passion
		Pussy Master: ALL PUSSY WRESTLING
		Pussylympics
		Put in
		Puzzle Game: Miko
		Puzzle Girls
		Puzzle Girls: Alexa
		Puzzle Girls: Celia
		Puzzle Girls: Cheryl
		Puzzle Girls: Cute
		Puzzle Player
		Puzzle Pop Paradise
		Puzzle University (夢之拼圖大學)
		Puzzlehub: Businesswoman Hentai
		PUZZLETIME: Castle Party
		Qi Luo’s Erotic Life
		Quarantine Quest
		Queen Beast
		Queen of Succubus
		Queen's Brothel
		Queen's Coast Casino - Uncut
		Queen's Glory
		Queens Climax
		Queer Quest: All in a Gay's Work
		Quest Party Life
		Quick Pleasure
		Quickie: A Love Hotel Story
		Quickie: Fantasy Adventure
		Quinn & Flynn
		R18Plus Monster Girl You-ki chan
		Rabbit Burn
		Race of Life - Act 1
		Radiant Victorias
		RADIUSBLOOD Crypta
		RADS The Radioactive Apocalypse Dating Simulator
		Rafica and Sealing Wedge
		Ragdoll Kanojo
		Raid
		Raiding Area 51 - Break out Waifu
		Rainy Day Roommate
		Rapid Fire Girls - Armpit -
		Raptoid
		Rascallz: Tiki Tiki
		Ravager
		RAVE
		Raven's Daring Adventure
		RAVENSBURG
		Ravished Realms
		Re;Lord 2 ~The witch of Cologne and black cat~
		Re: Collector
		Re: Gals Panic｜幻想天蠶變 (Re: Gals Panic)
		Re: GSpot Master
		Re:Destiny
		Re:Gals Panic 2｜幻想天蠶變 2 (Re: Gals Panic 2)
		Reach 50 : Sexy Hentai Girls
		Real Feel
		Real Girl 3 - Virtual Sex
		Real Girl VR
		Real Hotwives of Marbury Lane
		Real life day: Threesome
		Realms Edge
		Realms Of Bondage
		Reap and Sow
		Rebecca and the Sword of Mystery
		Rebel Duet
		Rebellion: Rise of the Damned
		Rebellion: The Beginning
		Rebellion! Riot of Jisr Village!
		Rebirth:Mr Wang
		Reboot My Heart
		Reborn (Reborn - Season 1: New Life)
		Reborn in Sin
		Reclaiming the Lost
		Reconnecting
		Red Brim
		Red Colony 2 Uncensored
		Red Colony 3 Uncensored
		Red Colony Uncensored
		Red Embrace: Hollywood
		Red Ops: The First Infection
		Redemption Diary - One day, you will also be firmly chosen
		Redemption of the Cat Demon Girl
		Refuge of Embers
		Regular Luckiest Guy: Love & Blocks
		Reincarnated in a stone in a different world, I want to protect the girl, so I will be strong
		REINCARNATION ASURA ZARANDARA Journey of carnage and redemption
		Remote Control
		Remote Island
		Ren the Summoner and the Erotic Dungeon
		RENAI BAKUDAN
		Renryuu: Ascension
		Rescue Elves
		Rescuing You in the Infinite Loop
		Research & Development 1 (Research And Development 1)
		Resonance Of Princess Reign
		Restart Heart
		Restricted Footage
		Retired Hero Gets Slaves
		Retrieving The Past Steam EDITION
		Returning the favor of the dog
		Returning To Mia
		REUNION: Autumn Leaf - FINAL RELEASE
		Reveal Your Monster
		Revenge of Black Bone
		Revival of the Noble Blade
		Revolver Lillies
		Rhentsu
		Rhya's Crusade: The Aradia's Reavers
		Rhythm of lust
		Rich & Youn
		Rich Lady's Slave Role Play
		Rich Uncle: A Gay Adventure
		Riding to Bounce City
		Rise of a Porn Star
		Rise of Eros
		Rise of the Outcast Hero
		Risk Of Waifus
		Risky Sanctuary
		Risty and the Village of Bocchino
		RitualSummon
		Rivers of Astrum: Daughter of Darkness
		RKN Block Me: Telegram
		Robin Morningwood Adventure (Robin Morningwood Adventure - A gay RPG)
		ROBOCOCK
		Robogal
		RoboLife-Days with Aino
		Robolife2-Nova Duty
		Rock and Girls
		Rock Scissor Paper
		Rock Star Simulator
		Rock the Rim
		Rock! Scissor! Please!
		Rogue Courier: Phantom From a Past
		Rolls and Girls
		Romance after dark
		Romance In Space
		Romance in the Cityscape
		Romance of Raskya
		romance.exe
		Romancing The Kingdom
		Romantic Shooter
		Room No. 9
		Room of lust
		Room of Lust - Dirty Conversation With Mom
		Roomie Romance
		Roommate
		Roommate Corruption (Roommate Corruption 😈)
		Roommates
		Ropu Barastu No X
		Rosas are Red
		Rose Bullet
		ROUGH LOVE
		Roundscape Adorevia
		Roxanne
		Royal Hentai - Boobs & Pussies
		RPG BOYS FANTASY
		RSSU (RSSU - Retro Style Soviet Undies)
		Ruin
		RUMBLE BLAZING
		Run Girls Run
		RUN HARE RUN
		Run, Kitty! - A Furry Visual Novel (Run, Kitty! - A Furry Gay Visual Novel)
		Runaway Cheater
		Runaway Demon Bride
		Runaway Princess
		Runes of Pandemonium
		Running Tadpoles
		Ruruka and the Grand Sorcerer's Erotic Trap Dungeon
		RWorld: Love RuRu
		Ryuu's Sin - A Bara Stealth Game
		S.E.X. Retreat: WellCum In! (SEX SPA 🔞💦)
		S.E.X. Z.O.N.E. ☢️
		S.H.E.L.T.E.R. - An Apocalyptic Tale
		S.X.E. Slider
		S.X.E. Slider: Cyber Sliders
		S.X.E. Slider: Dungeons
		S.X.E. Slider: Hard Ridin'
		S.X.E. Slider: Swole Mates
		S&M Lessons with the Cute Masochist Maid: I’ll teach you the secret techniques of your clan in place of your father!
		Ｓ〇Ｘしないと出られない部屋ＶＲ (FUCK OR DIE)
		Sacred Sword Princesses
		Sad Robot Lilly
		SaiIn Rhythm
		Saikoro Saiko Seventh Heaven (サイコロサイコ セブンスヘブン)
		Saint Ceri
		Saint Gear Force
		Saint Goddess
		Saintess Eruna and the Lustful Book of Corruption ~Busty Sister's H Services~
		Saki - sakuseikan.
		Saki and the Crucible of Debauchery
		Saku the Covert Agent
		Sakura Knight
		Sakura Melody
		Sakura Segment 0.3 (SakuraSegment 0.3 - Prologue)
		Sakura Segment 1.0
		Sally's Dungeon
		Salthe
		Salubrious Scales
		Salvor DEEP
		Samurai of Hyuga Book 5
		Samurai pussy
		Sanctuary in Time
		Sand Story
		Sandy Planet - Season 1
		Sandy Tetra!!
		Sanguine Rose
		Santa for Adult Men
		Santa Girls
		Santa Slapper
		Sapphic Space
		Sapphire Safari
		Sara The Slutty Lusty Agent
		Saraman Union
		Sargasso on Steam
		Sassy Cybergirl
		Sassy Girl
		Satellite
		Savage Girls
		Save The Girls
		Save the Kingdom
		Saviour of the Wasteland
		Savoring Sword
		Sayaka: My Naughty Milf Neighbor
		Sayako Story
		SBcatfight game
		Scamster Kombat
		Scarlet Maiden
		Scarlett Steele: Viral Temptation
		Scarlett University
		Sci-Futa
		Science Girls
		Sculpture Hentai Edition
		SEARCH ALL - ADULT
		Seasons Girls
		Second Chance
		SecreD (SecreD - Foot Art)
		Secret Camera
		Secret Garden
		Secret Glory Hole
		SECRET HORNY SANTA
		Secret Hot Springs Girl
		Secret Kinks
		Secret Love Temple
		Secret Pie (Adult Version)
		Secret Psychology
		Secret Relationship with Subordinate's Cocky Gal Wife
		Secret Series : BJ
		Secret Spots
		Secret Summer
		Secret Toy
		Secret with Sophia -Lite version-
		Security Guard Sex - Episode 1
		Security Guard Sex - Episode 2
		Security Guard Sex - Episode 3
		Security Guard Sex - Episode 4
		Security Guard Sex - Episode 5
		Security Guard Sex - Episode 6
		Seduce her Harem
		Seduce Me: The Complete Story
		Seducing My Elf Family
		Seducing The Devil
		Seduction Clicker
		Seductive Shadows
		Seductive Sister
		Seductive Tombs
		Seductive Tombs: Beach Love
		Seductress
		Seed 'n Breed
		Seed of the Dead
		Seeds of Chaos
		Seeds of Paradise
		Seek and Seduce: Naomie
		Seek Girl 2
		Sekira
		Selene ~Apoptosis~
		Self Defense Dojo
		Selfie Girls
		Selobus Fantasy
		SengokuNeet
		Sensory Deprivation Pitfall
		Sensual Adventures - Episode 5
		Sensual Adventures - Episode 6
		Sensual Adventures - Episode 7
		Sensual Adventures - Episode 8
		Sensual Adventures - Episode 9
		Sensual Adventures - The Game
		Sensual Adventures - Treasure Island
		Sensual Haunting
		Sensual Slots
		Sensual VR
		Sento Stream
		Separated by the Demon Queen
		Sera's Adventure -Cave of Destruction-
		Serena: Dark confessions
		Serpentine Shadows (Serpentine Shadows and the Joys of Vengeance)
		Seven days with the Ghost
		Seven Nexus
		Sex
		Sex & Blood: Vampires
		Sex & Coffee ☕️🤎
		SEX & DRIFT
		Sex & Gun PC
		Sex & Gun VR
		SEX × HEX
		Sex Adventure - The Board Game
		Sex Adventures - BDSM Dungeon
		Sex Adventures - Cuckold Gym
		Sex Adventures - Futanari BDSM
		Sex Adventures - Futanari Doctor
		Sex Adventures - Futanari Mistress
		Sex Adventures - GangBang Surprise
		Sex Adventures - Hot Sauna
		Sex Adventures - Kinky Bondage
		Sex Adventures - Love Yacht
		Sex Adventures - Mile High Club
		Sex Adventures - Modeling Audition
		Sex Adventures - Office Affairs
		Sex Adventures - Swingers Cabin
		Sex Adventures - Swingers Gym
		Sex Adventures - Swingers Resort
		Sex Adventures - The Bar Hookup
		Sex Adventures - The Job Interview
		Sex Adventures - The Job Promotion
		Sex Adventures - The Naughty Maid
		Sex Adventures - The Office Slut
		Sex Adventures - The Pool Party
		Sex Adventures - The Secret Club
		Sex Adventures - The SPA
		Sex Adventures - Vampire Express Train
		SEX Airlines 🔞✈️
		SEX Amnesia - Lover Sim 🔞
		Sex and Morning
		Sex and the Furry Titty
		Sex and the Furry Titty 2: Sins of the City
		Sex and the Furry Titty 3: Come Inside, Sweety
		Sex and Zombies
		Sex Apartment 💫
		Sex Apartments
		Sex Apocalypse
		Sex Apocalypse 2
		SEX Apocalypse 3D
		Sex Arena: Passion of Aquilon 💋⚔️
		Sex Bar Simulator 🍸🔞
		Sex Bot Corp
		SEX Camp: Lust Festival ⛺️❤️‍🔥 (MILF's Camp🔥)
		Sex Campus Story 🔞
		SEX Campus🔞
		Sex Casino
		Sex Change Contract and Molester Girl
		Sex Chess
		Sex City
		Sex City: 2069
		Sex Clicker
		Sex Clinic 18+
		SEX CLUB Simulator 🔞🍓
		Sex Coach: Hot Yoga
		Sex Coach: Hot Yoga - Prologue
		Sex College 🔞
		Sex Counselor
		SEX Cruise VR
		Sex Dating On Mars
		Sex Dating Trip
		Sex Desert: Mad Lust
		Sex Detective [18+]
		Sex Diary - A Slutty Anniversary
		Sex Diary - Double Trouble Teacher
		Sex Diary - Futanari Jail
		Sex Diary - Futanari Massage
		Sex Diary - Swingers Yacht
		Sex doll came to Life
		SEX Doll Simulator🔞
		Sex Dorm🔞
		Sex Euphoria 💖
		SEX EXIT 🔞
		Sex Faculty🔞
		Sex Formula
		Sex Game - Naughty Couple - Episode 1
		Sex Game - Naughty Couple - Episode 2
		Sex Game - Naughty Girls - Episode 1
		Sex Ghoul Fling🧟❤️
		Sex Girlfriend Simulator
		Sex Goddess Chronicles: Lilith's Seduction, An NSFW Porn VN
		Sex Goddess Punishment
		Sex Gym
		Sex Gym 3D
		SEX HELL 👹
		SEX HELP
		SEX HENTAI VR
		Sex Hill
		SEX Hospital 💦
		Sex Hotel Simulator 🏩
		SEX Hotel Simulator 18+
		Sex In The Block
		Sex in the Office
		Sex in the Sky
		Sex Industry XXX
		Sex Inspector 🚬💋
		SEX Instructor Yoga (SEX Instructor Yoga Vice City)
		Sex Interview: Ice Cream
		SEX ISLAND
		Sex Kills
		Sex Knight~Prey of the Lustful Nobles~
		Sex Lens: A Porn Story 🍓🎥
		Sex Lesson
		Sex Love Story
		Sex Machina
		Sex Magic 🔮
		Sex Maids
		SEX Massage 🔞
		SEX Massage 2 🔞
		Sex motel
		Sex Movie Director
		Sex Note
		Sex of Thrones 👑
		Sex of Thrones 👑 Prologue
		Sex of Thrones 2 👑
		Sex Office
		SEX Office Story
		Sex on Beach
		Sex on the beach
		Sex on the beach
		SEX OVER 🎮💦 (MILF's So Juicy 🍑💦)
		Sex Play - BDSM
		Sex Play - College Girls
		Sex Play - Naughty Doctor
		Sex Play - Night Club
		Sex Play - The Sauna
		Sex Play - Tropical Vacation
		Sex Poker
		SEX Police 🔞🚨
		Sex Prison
		SEX Prison [18+]
		Sex Prison VR
		Sex Prison: Block 69
		Sex Quest
		Sex Rhythm: Onsen
		SEX Room [18+]
		SEX Room 2 [18+]
		SEX Route 69
		Sex Search
		Sex Search 2: Ultimate
		Sex Simulator
		Sex Simulator - Bar Girls
		Sex Simulator - Bar Staff
		Sex Simulator - BDSM
		Sex Simulator - BDSM 2
		Sex Simulator - BDSM Girls
		Sex Simulator - Beach Resort
		Sex Simulator - Beach Resort Girls
		Sex Simulator - CamGirl Audition
		Sex Simulator - CamGirl Audition 2
		Sex Simulator - College Girls
		Sex Simulator - Dirty Doctor
		Sex Simulator - Futanari BDSM
		Sex Simulator - Girl on Girl
		Sex Simulator - Gym Girls
		Sex Simulator - Hot Sauna
		Sex Simulator - Locker Room
		Sex Simulator - Love Room
		Sex Simulator - Naughty Trainer
		Sex Simulator - Naughty Waitress
		Sex Simulator - Office Affairs
		Sex Simulator - Office Promotion
		Sex Simulator - Pool Party
		Sex Simulator - Roman Emperor
		Sex Simulator - The Beach House
		Sex Simulator - The Cabin
		Sex Simulator - The Private Jet
		Sex Simulator - The Yacht
		Sex Simulator - Vampires
		Sex Simulator - Yoga Class
		Sex Simulator - Yoga Girls
		Sex Simulator 2: Cumshot Edition
		Sex Simulator 2020
		Sex Slave Of The Bunker
		SEX SLAVES
		SEX Sport College 💦🏅
		Sex Standing
		Sex Story - Cuckold Life - Episode 1
		Sex Story - Cuckold Life - Episode 2
		Sex Story - Cuckold Life - Episode 3
		Sex Story - Cuckold Life - Episode 4
		Sex Story - Cuckold Life - Episode 5
		Sex Story - Cuckold Life - Episode 6
		Sex Story - Cuckold Life - Episode 7
		Sex Story - Cuckold Life - Episode 8
		Sex Story - Cuckold Life - Episode 9
		Sex Story - Ruby and Hunter - Episode 1
		Sex Story - Ruby and Hunter - Episode 2
		Sex Story - Ruby and Hunter - Episode 3
		Sex Story - Ruby and Hunter - Episode 4
		Sex Story - Ruby and Hunter - Episode 5
		Sex Summer Camp
		Sex Supermarket
		Sex Survivals
		Sex Teacher
		SEX Tentacles [18+]
		Sex Toys
		Sex Universe [18+]
		SEX UP THE JANKEN
		SEX VIKING ISLAND
		Sex Wheel - An Erotic Game
		Sex Wish: A Deliciously Naughty Porn VN
		Sex Wishes 🔮
		Sex with a Vampire 🧛‍♂️❤️
		Sex With Friends
		Sex with Maids
		Sex with Ogre 😈🍆👩
		Sex with Succubus ❤️‍🔥
		Sex with Teachers
		Sex with the Devil
		Sex with the Devil 2
		SEX, BEACH & GIRLS ⛱ 💦
		Sex, Camera, Action! 🔞
		SEX, Drugs and CYBERPUNK
		SEX, LOVE & GIRLS❤️💦
		Sex, Please
		Sex, Secrets & Used Tech
		SEX, Stocks & Cocks
		Sexbot
		Sexbot II: Recalibrated
		Sexbot Lab
		Sexbot Quality Assurance Simulator
		Sexcalibur: Knights of the Pound Table
		Sexcraft - Sofiya and the Lewd Clan
		Sexdew City
		SEXDIVERS 🔞
		Sexena: Arena Tales
		Sexorcism
		Sexorcist Academy
		SexSeal 節奏封淫 (SexSeal)
		SEXSTELLAR
		SexStone
		SEXTS
		Sexual Massage Shop - AKARI -
		Sexual Sealing Dungeon: Eronest
		Sexual Summer
		Sexual Super Hero
		Sexual Sword Master
		Sexual Void
		Sexuality in Ancient Rome
		Sexuality with girlfriends : Kello&Cammy
		Sexuality with girlfriends : Laler&Reese
		Sexuality with girlfriends Ⅲ
		SEXWIFE: NO LIMIT
		SEXXX GIRLS [18+]
		SEXXXNATOR: Adult Sandbox RPG
		Sexy Airlines MAX
		Sexy Anime Puzzle Game - A Hentai Girl Puzzle Adventure
		Sexy Apocalypse Girls. Part I
		Sexy Blackjack
		Sexy Blonde (性感的金发女郎)
		Sexy Breakout
		Sexy Caravan
		SEXY CHRISTMAS
		Sexy Clicker
		Sexy Crush - Seduction In Motion
		Sexy Cyberpunk Puzzle
		Sexy Dream Girl: Puzzle
		Sexy Elf
		Sexy Fitness Girl (ghfghgffhf)
		Sexy Furry
		Sexy Futa: Mecha Battles of Islands (Sexy Futa: Mecha Battles of Islands🍓)
		Sexy Girl Next Door - Virtual Valentine Sex
		SEXY GIRLS
		Sexy Girls Puzzle
		SEXY GLASSES
		Sexy Gym
		Sexy Hentai Puzzle
		Sexy Heroine!
		Sexy Heroine! Part 2
		Sexy Heroine! Part 3
		Sexy Iron Maidens
		Sexy Katana
		SEXY LADIES
		Sexy Match
		Sexy Match Tale : Three Piggies-Love's Trio
		Sexy memory
		Sexy Memory Puzzle - BDSM Restroom
		Sexy Memory Puzzle - Dildo Girl
		Sexy Memory Puzzle - Futanari BDSM
		Sexy Memory Puzzle - Futanari Doctor
		Sexy Memory Puzzle - Futanari Gloryhole
		Sexy Memory Puzzle - Futanari Jail
		Sexy Memory Puzzle - Futanari Pool
		Sexy Memory Puzzle - Futanari Sauna
		Sexy Memory Puzzle - Futanari Striptease
		Sexy Memory Puzzle - Gamer Girl
		Sexy Memory Puzzle - Gay Affair
		Sexy Memory Puzzle - Gay BDSM
		Sexy Memory Puzzle - Gay Gloryhole
		Sexy Memory Puzzle - Gay Gym
		Sexy Memory Puzzle - Gay Jail
		Sexy Memory Puzzle - Gay Pool
		Sexy Memory Puzzle - Gay Sauna
		Sexy Memory Puzzle - Gloryhole Girls
		Sexy Memory Puzzle - Kawaii
		Sexy Memory Puzzle - Kinky Workout
		Sexy Memory Puzzle - Pool Girls
		Sexy Memory Puzzle - Pool Massage
		Sexy Memory Puzzle - Spanking Girls
		Sexy Memory Puzzle - Sports Car Futanari
		Sexy Memory Puzzle - Sports Car Girl
		Sexy Milf Stories
		Sexy Milfs
		Sexy Miss
		Sexy Mystic Survivors
		Sexy New Year
		Sexy Nurse Puzzle
		Sexy Puzzle
		Sexy Santa
		Sexy Sharks
		Sexy Sliders
		Sexy Space Airlines
		Sexy Tails (Furry SexyTails)
		Sexy Valentine 🍆 💜
		Sexy Waifu
		Sexycraft
		SexyHub ❤️
		SG/ZH: School Girl/Zombie Hunter
		Shackles of Ellswyn
		Shadow Among Nove
		Shadow Code: Lucy
		Shadow's Kiss Online Vampire RPG
		Shadows of the past
		Shady Lewd Kart
		Shag Your It
		Shale Hill Secrets
		Shameless Afterparty
		Shana - priestess of Tona
		SHANGHAI ANGEL (SHANGHAI ANGEL - 18+ Adult Only)
		Shards of Her
		Shards of the Past
		Shattered Minds
		She Erotic Treatment Center
		She Hates Unicorns
		She is Home Alone (Bumpy Roads)
		She Salutes
		She Will Punish Them
		Sheep Love
		Shell Girls in Puzzle Skulls
		Shelter 69
		Sheltering With You
		Shining Girls
		Shinjuku Hearts
		Shinjuku Hearts 2
		Ship of Love
		Shit Storm
		Shoganai
		Shohei's Adult Streaming Channel
		Shoot Shoot My Waifu
		Shop Mistress NTR
		Short Haired Girls
		Short Night
		Short NTR Stories
		Short Sad Stories
		Short Stax
		Showering With My Yandere Goth Soulmates
		Shrine Maiden Kanna's Meatheaded ExorFist Record
		Shrine of Tails
		Shunga Frame
		Shut Up and Dance: Special Edition
		Shuttlecock-H
		Shy Girl
		Shyma and the Lesbian Demon Lord
		Silk Suki - Chat Messaging Game
		Siluman Fantasy (Siluman Fantasy - First Half -)
		Silver Whistle
		Simbro: ResErection
		Simp Attack
		Simp Simulator 2023 (Defunct)
		SimuLOVE! Vol. 1
		Sin Spire
		Sinful Catalyst CH1: Ethereal Camellia
		Sinful soul club (Sinful soul)
		Sinful Villa 🔞
		Single By Choice
		Sinners Landing
		Sinsations
		SinVR
		SinVR 2: Forbidden World
		Sir Stretchalot - The Plight of the Elves
		Sir Stretchalot (Sir Stretchalot - The Wenches in the Well)
		Sir'HaXXX
		Sirberia Front
		Siren's Well
		Sister Lize's suffering
		Sister Takes Two Dicks
		Sister Wish
		SisterFight
		Sisterly Lust
		Sisters hypnosis sex
		Sitri ~Shadow Walk~
		Situation Succ : Inn Elysium
		SixteenPetals
		Sixth Night
		Skeletons VS Nadia
		Skinny Girls
		SkullSP
		Sky division
		Sky Resort - Delphi & Jessy
		Sky Resort 2
		Sky Resort 3
		Slappy Ass
		Slasher U: An 18+ Horror Movie Dating Sim, Act 1
		Slave Application
		Slave Fighter X
		Slave Harem
		Slave Lord: Elven Conquest
		Slave Lords Of The Galaxy
		Slave Of Lust
		Slave of the Succubus
		Slave Secretary
		SlaveCorporation
		slaves
		Slaves of Rome
		Slay the Demon Queen
		Slay the Dragon! The Fire-Breathing Tyrant Meets Her Match!
		Sleep and Girls
		Sleepy sister's friend
		Sleepy Time Jack (Sleepy Time Jack: Digital Talking Body Pillow)
		Sleeve Shock
		Slide Furry
		Slide Furry Boys
		Slide Furry Futanari
		Slide Girls
		Slide Puzzle: Cute Moe Girls
		slime feet
		Slime Girl Smoothies
		Slime VS. Female Hero Party
		Slimes are the Strongest
		SlimeTime
		Slimy Sextet
		Sloppy Fields
		Slots Man
		Slugs and Bugs: Conversion
		Slut Metamorphosis
		SLUT NURSES
		Slut Room (Hentai room: Deep galactic penetration)
		Slut Squad
		Slutlike
		Sluts Inc.
		Slutty Mommy
		Slutty Sluts Panic
		Smash Girls
		Smashdolls
		SMETANKA
		Smilers Den Deluxxx
		Smiling Girls
		Smutstone
		Smutty Scrolls
		Sneak-A-Snap
		Sneaky IT Support
		Snips & Snails
		Snow Daze (Snow Daze: The Music of Winter Special Edition)
		Snow Daze: Redaze
		Snow Moon Flower
		Snow Queen - a fairy tale for a big boy
		Snow x Hime
		Snowball Christmas festival
		Snowbound Days With Ralph
		Snowed IN
		Snowfield Passion
		Soakraiva
		Social Clicker : Persona
		Sodom-R
		Sofia
		Sofia's Dark Fantasies
		Soft cookie
		Solanaceae: After All
		Solar Lewd Hollow starring Doug Fooker
		Solas City Heroes
		Solendara
		Solo Breeding
		Solo leeching~35-Year-Old magician journey
		Soluble Dream
		Some Heroines Climb Up a Tower to Ask God Why the Game Has a Name That's So Long
		Something To Do With Love
		Something To Write About: Unbroken (Something To Write About: Unbroken: Book One)
		Something's In The Air Redux
		Something's Wrong With Sunny Day Jack
		Somnium
		Song of Life
		Song of sheep gathering in Philia
		Sophia's Spa
		Sophie the best titty fuck expert
		Sophie: The Girl From The Zone
		Sort of Justice (Sort of Justice - Chapter 1)
		SOULCOOM
		Soulgasm
		Soulivion
		Soulivion II
		Soulstrive
		Soup!
		Souper Game
		Southern Princesses
		Soviet Hentai
		Soy Supremacy
		Space
		Space Girls
		Space Pussy Hunter
		Space Rescue: Code Pink
		Space SEX
		Space Sex Lab 🚀
		Space Slaves
		SPACE-FRIGHT
		Spark of Joy
		SpatialErotica
		Speakeasy
		Speakeasy: Last Call
		Spearmint Goose
		Special Operations Unit - SIGNAL FORCES
		Spellbook Demonslayers NSFW
		Spellhearts
		Sperm Into Labia (WonderLand)
		Sperm Runner
		Spheria's Familiar
		Spicier Than Sugar!
		Spicy Deck
		Spicy Strip Poker
		Spiral Clicker
		Spiral Clicker 2
		SpireOfLustAndFetish (Spire of Lust & Fetish)
		Spirit Harem
		Spirit Valley
		Splash Girls
		Spooky Starlets (Spooky Starlets: Movie Monsters)
		SpookyMilkLife (Spooky Milk Life)
		Sport Girls
		SPORTCON
		Sports Babes
		Spring and Girls
		Spring X Elixir
		Springs of Ardor
		SpunkStock: Music Festival
		SPyGirl-01
		SpyLens: Sex in focus
		Squad Erotica
		SQUID GIRLS 18+
		Squirrel Legacy
		Squirrel Legacy II: Children of the Nut
		St. Maria Village
		St. Yariman's Former Sluts ~Mega MILF Edition~
		St. Yariman's Little Black Book ~Complete~
		Stab It VR (Stab It VR.com)
		Stalker in black
		StanÇact (StanÇact -Sexy Tenacious Girls-)
		Star Alliance
		Star Goddess
		Star Lodge
		Star Lusts
		STAR MARS
		Starbreed
		Starfighter: Eclipse
		Starmaker Story
		Stay Focus
		Stay home and play with waifu!
		Stealing a Monster Girl Harem
		Steamy Sextet
		Stella in Lewd Dream
		Stella Magical Idol
		Stellar Dream
		STELLAR INC (STELLAR INC - Internship)
		Step-Sister's Pussy 🔞
		Stepmom
		STEPMOM: Milf Scandal 💖
		Steps of Debauchery
		Sticky Honey
		Stigma-ARIA
		Still Alive
		Still Water
		Stolen Memories
		Stolen Wife ~Cucked On A Host Spring Company Trip~
		Stories of Submission: eNTeR the cuck
		Stories of Submission: Learn Your Place
		Story of Eve - A Hero's Study
		Story Of Eve 2
		Stranded & Naked
		Stranded in Space
		Strange Passion - My Boss, My Mistress
		Stranger Maidens Please Protect Me!
		Strangers on Paper
		Strangling a Snake Tale
		STRAY GIRL 🔞
		Stream Star: Sensations
		Streamer Manager Simulator 💖
		Streamer's Journey (Streamer's Journey 💖)
		Streaming For Love
		Streaming Girls [18+] - OnlyFap ●LIVE
		Streaming ON! VTuber Training
		StreamLove Voyage
		Street & Girls
		Street Girls
		Strike!OvulationDivine Fist! Rebellion to Extinction!
		Strip 'Em
		Strip 4: Classmate Study
		Strip 4: Detention Bounce
		Strip Battle
		Strip Black Jack - Cyber Sex
		Strip Black Jack - Hot Gym
		Strip Black Jack - In The Pub (Strip Black Jack - At The Pub)
		Strip Black Jack - Manga Edition
		Strip Black Jack - Santa Babe
		Strip Black Jack - Sex Bunny
		Strip Black Jack - Sex Teacher
		Strip Breaker : Hentai Girls
		Strip Card Duel
		Strip Club Simulator
		Strip Me Down: Jock
		Strip Me Down: Office Worker
		Strip n Play with Valerie
		Strip President of Tendoryu / Kinetic Strip Party
		Strip Royale
		Strip Shooter
		Strip Slot Sonja
		Strip'Em II (Strip 'Em II: Facka's Game)
		Strip'Em III
		StripBrickBreakerSimulator♡脱衣ブロック崩し♡シミュレーター
		STRIPING FRUITS
		Stripped of Title: Backlash (Stripped of Title: Backlash — Episode 1)
		Stripper Anya: Christmas Special
		STRIPPER ANYA: DEMON SLAYER (STRIPPER ANYA™ DEMON SLAYER)
		STRIPPERS
		Struggler
		Stylish Girls
		Sub for You
		Subverse
		SUCCU-MAMA
		Succubi's Trap Dungeon of Seduction
		Succuboss (SuccuBoss💋 我的上司是魅魔)
		Succubus 2069
		Succubus alchemist (Succubus Alchemist: Transformation, Orgasming Hell)
		Succubus Cafe
		Succubus Casino: Trapped in Succubus Castle
		Succubus Challenge
		Succubus Connect (Succubus★Connect!)
		Succubus Contract
		Succubus Crisis
		Succubus Domination
		Succubus Dungeon
		Succubus Girl
		Succubus Harem
		Succubus Hotel
		Succubus Hunt
		Succubus life
		Succubus Melnea
		Succubus of Aphrodisia: Ako's First Embrace
		Succubus Puttel
		Succubus Research Diary
		Succubus RoomMate
		Succubus Roulette
		Succubus Runa and the Erotic Dungeon
		Succubus Spell
		Succubus Stories
		Succubus Summon
		Succubus Throne
		Succubus: Hunt For Meal
		Succubus: SEX Story
		Succubus: The Lustborn Curse
		Succubuses love CREAMPIE
		Succulust
		Succupie: An Erotic Short Story
		Succuquest
		SuccuSeka: Resist Succubus Temptation
		Sud-OH-Ku: Furry Playtime
		Suduce-U
		Suexy Drop
		Suez Canal Girl
		Suffer to Please
		Sugar Girls
		Sugar Lust (Sugar Lust Harem)
		Sugar Mommy
		SugarKiss!
		Sukebe Beach
		SUKEBE BLOCKS
		Sukebe Fantasy
		Sukebe Office
		Summer Break
		Summer Clover
		Summer Crush
		Summer Days
		Summer Flowers
		Summer For You
		Summer Girl
		Summer In The City - Season One (Summer In The City)
		Summer Numbers
		Summer of Love (Captain Kitty)
		Summer Passion
		Summer Pleasure
		Summer Puzzles
		Summer Scent
		Summer Seduction VR (SEX Summer Seduction VR)
		Summer Sex Saga 🏄‍♂️💦
		Summer Suki - Chat Messaging Game
		Summer Tales
		Summer Waifu
		Summer Weekend
		Summer with Mia Season 1 (Summer with Mia)
		Summer's Gone - Season 1
		Summer~Life in the Countryside~
		SummerAfterTenYears: Steam Edition
		Summon And Fusion (召唤与合体)
		Summon of asmodeus
		Summoned By Accident
		Sun Breed
		Sun City (Sun City - Episode 1)
		Sunbay City Stories - Tina from the Grand Auto Workshop
		Sunflower
		Sunny Beach Dolls
		Sunny Beach Girls
		Sunny Love
		Sunshine Love Chapter 1
		Sunwave Hotel
		Super Furry World
		Super Grapple Day
		Super Hero Flash Fist
		Super Idol
		Super Mega Hentai Collection!
		Super Naughty Maid
		Super Naughty Maid 2
		Super Smash Gals: Ultimate Orgy
		Super Spy Steve
		Super Taco Crew
		Superbunny's adventure
		Superdeluxe
		Superhero Girls
		Superpantsu Harematchii
		SuperPantsu Tentikun
		SURF GIRLS LOVE SEX
		Surfing and Girls
		Survival In Draconia
		Survival RPG Alisa x Desperate City
		Survive 4 Pleasure
		Surviving Purge (Surviving Purge - A Gay Tower Defense)
		Surviving the Apocalypse Is More Fun When There’s Sex
		Survivor Strain - Season 1
		Survivor these Girls
		Suvi The Blossoming Lust
		Sweet Adventure
		Sweet Age
		Sweet Agents
		Sweet and Cute
		Sweet and Hot
		Sweet Animal Girls
		Sweet Bathhouse
		Sweet Beauties
		Sweet Bitter
		Sweet Bumblebee Days
		Sweet Camping
		Sweet Candy
		Sweet Car Wash
		Sweet Cards
		Sweet Casino
		Sweet Cheerleaders
		Sweet Cheongsam
		Sweet Cinema
		Sweet Coffee Shop
		Sweet Cruise
		Sweet Delivery
		Sweet Desire
		Sweet Desire 2
		Sweet Desire: Hentai Puzzle
		Sweet Disco
		Sweet Diving
		Sweet Dream Succubus - Nightmare Edition
		Sweet Driver
		Sweet Dungeon
		Sweet Dungeon
		Sweet Easter
		Sweet Escape
		Sweet ex
		Sweet F. Cake
		Sweet Fantasy
		Sweet Fantasy World
		Sweet Farm
		SWEET FEETS
		Sweet Forest
		Sweet Forest Guardian
		Sweet Girls
		Sweet Glassirl
		Sweet GYM
		Sweet Hide and Seek
		Sweet Honey
		Sweet Honey
		Sweet Hospital
		Sweet Hot Spring
		Sweet Hotel
		Sweet Hunt
		Sweet Hut
		Sweet Ice-cream
		Sweet Idol
		Sweet Kimono
		Sweet Massage
		SWEET MILF
		Sweet Model
		Sweet Monster
		Sweet Neighbor BB
		Sweet Neighbors
		Sweet New Year
		Sweet Night Club
		Sweet Office
		Sweet Office 2
		Sweet Pool
		Sweet Portal
		Sweet Promoter
		Sweet Racing Girl
		Sweet Restaurant
		Sweet Revenge
		Sweet Robot
		Sweet Rock Paper Scissors
		Sweet Room
		Sweet Roommate
		Sweet Run
		Sweet Sailor
		Sweet Shine
		Sweet SKY
		Sweet Slave
		Sweet Slimes Revenge
		Sweet Sport
		Sweet Spring Festival
		Sweet Succubus
		Sweet Succubus
		Sweet Succubus Home
		Sweet Summer
		Sweet Tavern
		Sweet Theme Park
		Sweet Train
		Sweet Vampire
		Sweet VTuber Shooter
		Sweet Warrior
		Sweet Wedding
		Sweet Wife
		Sweet Winter
		Sweet X'mas
		Sweet Zodiac 1
		Sweet Zodiac 2
		SweetDreams: Electra
		Sweety Girls
		Sweety kitty
		Sweety Kitty 2
		Sweety Sweets
		Swimmer Admiration
		Swimsuit Girl: Battle to Avoid
		Swimsuit Samurai
		Swinario Super Bros. Play
		Swing & Miss
		Swipe Right for Sugar Mama Sensei
		Sword Mistress of the Dungeon Town
		Sword of Wonder: It's Good to be a King
		Sword x Hime
		Sword&Magic
		Swords of Edo (Swords of Edo Kinetic Novel)
		SwordsGirl Harumi - Adult Only
		Sylphine
		Symphony of Delights
		Synthetic Dreams 18+
		Synthetic Love
		Synthetic Soul
		Synthetic Soul 2
		Synthetic Soul 3
		Synthetic Soul: Neon
		Synthetic Soul: Onyx
		Synthetic Soul: Reset
		Synthwaifu: Neon Space Fighter
		Syren and Friends Roast the Dev
		Taboo University Book One
		TaekwonGirl
		Tailbound
		Tails & Titties Hot Spring
		Taimanin Asagi 1: Trial／対魔忍アサギ・体験版 (Taimanin Asagi 1: Trial)
		Taimanin Collection: Battle Arena
		TAIMANIN RPG Extasy
		Taimanin Yukikaze 1: Trial／対魔忍ユキカゼ・体験版 (Taimanin Yukikaze 1: Trial)
		Take me in and I'll love and serve you ~Sweet and sexy life with a demi-human girl~
		Take Over Body
		Take Over Body 2
		Takeover
		Tale of Elisha, Hypnotized Sorcerer
		Tale of Fortune
		Talented Exorcist won't submit to Tentacle Demon
		Tales From The Under-Realm: After Midnight
		Tales From The Under-Realm: Lilith
		Tales From The Unending Void (Tales From The Unending Void: Season 1)
		Tales From The Unending Void: Season 2
		Tales of Legendary Lust: Aphrodisia
		Tales of Legendary Lust: Lewd Dungeon Runs
		Tales of the Moon
		Tales of Virginia
		Talk To Me
		Tamas Awakening
		Tame It Too!
		Tame It!
		Tamer Vale
		Tamer: King of Dinosaurs
		Tankettes
		Tap 4 Sex
		Taps of Eradine – Rebirth
		TapTap Princess
		Tasty Bite (Tasty Bite: Food dating (hentai) simulator)
		Tattoo and Girls
		Tavern Girl
		TCVR
		Tea Girls
		Teach Me Master
		Teacher Lady
		TEACHERS SECRETS
		Team Disorder (Team Disorder Special Edition)
		Team Disorder Hodon UD
		Tease and Please: Charlotte Edition
		Teen Zombie In Your Cabin
		Temply Girls
		Temporary Girl (前往天堂To Heaven)
		Temptation at Sunset Cove
		Temptations X
		Temptations X: Darkest Fantasy
		Tenebris Legion
		Tentacle Manor
		Tentacle Temptation
		Tentacles of Submission
		Tentacles Party With Nuns
		Terminal Insanity: RackJacker
		Tessa's Treasures: treasure hunters are closer to goddesses
		Tetris Girls
		Tezcatlipoca
		That Time I Got Reincarnated as a Perverted Hand
		That Which Rises
		THC
		The Adventure of a Tramp
		The Adventures of HILLS
		The Adventures of Kincaid
		The Agnietta ~治癒使與受詛咒的地城~ (The Agnietta ~The holy healer & the cursed dungeon~)
		The Alchemist
		The Alchemist & His Battle-Scarred Homunculus
		The Allure Of Wanton Cove
		The Amazing Shinsengumi: Heroes in Love
		The Ambassador's Coterie
		The Andere Realm: A Flicker of Lust
		The Angel Inn
		The Ark Adult Game
		The Arrogant Kaiju Princess and The Detective Servant
		The Artist
		The Asher Asylum
		The Assistant Season 1
		The Assistant Season 2
		The Awakening - Femboy Saga
		The Bard for Her
		The Beastmaster Princess
		The Beautiful Game
		The Bedmate Game: Sharehouse
		The Benjamins
		The Better Deal (The Better Deal - Part I)
		The Big Adventure
		The Black Labyrinth
		The Book of Bondmaids
		The Book of Outcasts
		The Brave of Boner and the Demon of Halphas
		The Builder - Season 1
		The Builder - Season 2
		The Bunker
		The Bunker 69
		The Cabin - Summer Vacation
		The Capture Games
		The Censor DX Edition
		The Charm of Love
		The Chastity Scholarship
		The Chronicles of Lancelot (The Chronicles of Lancelot GOLD)
		The Chronicles of Lancelot COMBO
		The Chronicles of Lancelot II (The Chronicles of Lancelot 2 - The Adventure to Avalon)
		The Cinema VR
		The city of eyes and the girl in dreamland
		The Claws of Blood
		The Clinic of Depravity - A Wife Reveals Her True Nature in Front of Her Husband -
		The Coming End: Fresh Force Frustrations (A Gay Superhero Visual Novel)
		The Concentration of Lust
		The Conjurer's Quest
		The Coroner Saga
		The Curse Of Mantras
		The Cyriaan Chronicles
		The Daily Life of Serving Doll
		The Dark Inside Me - Chapter: II
		The Dark Monster Hotel
		The Decision (抉择:性转传说)
		The DeLuca Family - Season 1
		The Demon Lord Dungeon
		The Demon Lord's Lover
		The Demon's Lust
		The Den of Chaos - 混沌の魔窟殿～アヒアハン１９世の指令編～
		The Den of Chaos2 - 混沌の魔窟殿２～アッサマラームの遺跡編～
		The Devil's Shoes
		The Director's Cut
		The Divine Speaker
		The Divine Speaker: A Bounty Hunter's First Christmas
		The Divine Speaker: The Sun and the Moon
		The Dorm Is Yours!
		The Dragonspire
		the earth is a better person than me
		The Edge Of
		The Edge Of - Definitive Edition
		The Elder Goddess
		The Elf's Lewd Training
		The Elven Educator ~another ver~
		The Elven Forest VR
		The Endless Abyss: A Busty Cop’s Corrupted Soul
		The Entrepreneur
		The Escort (The Escort (Special Edition))
		The Exile of Aphrodisia (2023)
		The Fall of Juliet (The Fall of Juliet 🔞)
		The Fall of the Cross
		The Fantasy World of Mahjong Princess
		The Farmthis Gallery
		THE FATE OF MIRADOR CHAPTER ONE and TWO
		The Feast of Madness - A Night of Drowning in Forbidden Temptation (狂気の宴 ～禁断の誘惑に溺れる夜～（The Feast of Madness - A Night of Drowning in Forbidden Temptation-）)
		The Feast of the End - A Night of Domination with Temptation and Terror -
		The Femboy Next Door Thinks I'm Cute
		The Femdom Facesitting War
		The Final Hunter (Final Hunter)
		The Forest of Love
		The Fox and Devil: Tales Of Eleonora
		The Frozen Kingdom
		The Fruit Stealing Girls
		The Fun of Asmodius
		The Futanati
		The Galactic Harem Handbook (The Galactic Harem Handbook: Chapter 1 - NSFW Sci-Fi Porn)
		The Galactic Harem Handbook: Chapter 2 - NSFW Sci-Fi Porn
		The Genesis Order
		The girl I like lost her virginity in the sex club NTR with me!?
		The Girlfriend From My Novel
		The Girls of your Dreams
		The Grey Dream
		The Groom of Gallagher Mansion
		The Hard Game
		The Heft Effect
		The Hentai 8 TurnsVR (The Hentai 8 Turns)
		The Hentai Memory
		The Hero gives up! ... Wait, what!?
		The Heroines' Last Anthem
		The Highlands (The Highlands of Jurgald)
		The Hotel
		The House Where They Dwell
		The Humbling of a Holy Maiden
		The Implant
		The Inheritors of the New World
		The Interview (The Interview - Chapter One)
		The Interview (The Interview: You Know What You've Got to Do to Get the Job)
		The Invisible Man's Stealth NTR: Convincing and Inseminating the New Announcer with an Invisible Boner
		The Island
		The Isle of Busty Elves
		The Joys of Discovery
		The Judas Ghost
		The Kingdom of the End＆The Witch of the Beginning
		The Kinky Kitsune and The Tantalizing Tanuki
		The Knight Girl And Dungeons
		The Knight of the Crimson Tower
		The Lanterne of Light
		The Last Barbarian
		The Last Days of Sodom
		The Last Human In The Universe
		The Last Oasis Before Chastity
		The Last Of Anime
		The Last Orgasm
		The Last Progenitor (The Last Progenitor - Chapter 1)
		The Last Pussy: Survival Lesson
		The Last Sovereign
		The Last Star Walker (The Last Star Walker: Book One)
		The Legend of HyperStar
		The Legend of Mythos (Legend of Mythos ~Touhou Winter Heart Cage~)
		The Legend of Zuri
		The Lewd Deal (The Lewd Deal (Full Version))
		The Lewd Knight
		The Lewd of the Cock Rings (The Lewd of the Cock Rings: The Return of Doug Fooker)
		The Libido Enigma
		The Little Black Bestiary: A Midsummer Night’s Barcrawl
		The Little Black Bestiary: The Salted Cookies of Carthaginia
		The Lodge
		The Lonely People
		The Lord of Isekai Brothels
		The Lord of Time
		The Lost Game
		The Lost Time Chronicles
		The Lust City
		The Lust City 2
		The Lustful Champion
		The Lustful Inn of Female Adventurers
		The Lustful Touch
		The Lusty Half-Demon
		The Mafia and Mom
		The Makings of a Lady - Purity Yours to Defile -
		The Married Manager's Scandalous Services - The Pleasures of the Night Shift
		The Masculine Urge To Blow a Femboy
		The medical examination diary: Teamwork in Paradise.
		The medical examination diary: the exciting days of me and my senpai
		The Men of Yoshiwara: Kikuya
		The Men of Yoshiwara: Ohgiya
		The Mermaid's Secret Remedy The Love Spell
		THE MILKED BUSTY STEPSISTER
		The Modest Handmaid’s Sex Work (The Modest Handmaid’s Sex Work ~I will be your partner in place of the young mistress~)
		The Monster PIMP
		The Most Lecherous
		The Mostly Empty Theatre
		The Murder of Jessica Channing
		The Muscle Bunny Girls Caught Me Cheatin'!!!
		The Naughty Vampire and the Moaning Forest
		The Necromancer's Pact
		The Neverwhere Tales - Book 1
		The New Universes: ~ Eine Neue Reise Beginnt ~ Chapter 1
		The Night Market
		The Office
		The older chick said to be a dom is actually a sub!? I took her home and trained her!
		The One Chapter 1
		The One Chapter 2
		The One Chapter 3
		The Overlord Isn't Another Isekai Protagonist, Is He?
		The Patient S Remedy
		The Pendant of Prosperity (U.C.H.E.W.S #1) (The Pendant of Prosperity)
		The Perfect Model
		The Photographer (Nymphs)
		The Pleasuremancer
		The Price Of Flesh
		The Queen of Phalli
		The Queen's Conditioning in Captivity
		The Queendom of Lithzena
		The Red Room - Sexy Puzzle
		The Rescue of Mermaids
		The Resort
		The Rest of Our Lives
		The Ring Of Succubus Queen
		The Ruins of Vagastia
		The Second Chance Strip Club
		The Secret Atelier
		The secret of FYNDEMOOR Park
		The Seduction of Shaqeera
		The Seduction of Shaqeera VR
		The Semen Donation Truck!
		The Seven Realms: High Lathión
		The Seven Realms: Terran
		The Sex Adventures of a Gladiator
		THE SEX CULT
		The Sex Curse 💋
		The Sexorcist
		The Shadow of Yidhra
		THE SHRiNK Season One
		THE SHRiNK Season Two
		The Singer
		The Soulstream Expansive: Prelude
		The Spirit Master of Retarnia -Conqueror of the Labyrinth-
		The Starlit Oasis
		The Succubus Queen and the Holy Sword
		The Sultan and his Harem
		The Surfeit: Episode 1
		The Survival of Sarah Rose
		The Sweetest Ring
		The Swordbearer (The Swordbearer - Season 1)
		The Tennis Master
		The Thistle and the Flower
		The Tomb of Argazfell
		The Tower of Five Hearts
		The Traded Groom
		The Traveller
		The Vampire Academy
		The Voluptuous DEMON QUEEN and our Shoebox Apartment Life
		The Waifu Game
		The Wandering Corinne
		The Way RPG
		The Wedding
		The Wheel of Fortune
		The Wicked Sorceress
		The Wife Next Door
		The Witch's Assistant
		The Witch's Sexual Prison
		The Witches Story
		The Wolf and The Warren (Wolf and The Warren)
		The Wolf's Girl
		The World Is Ruled According to Sexual Prowess So I’m Playing Dirty to Get My Harem EP1
		The World of Gangs
		Theanthria
		Theatre School (Theater School)
		Their Majesties' Pleasure
		Third Crisis
		Third Crisis: Neon Nights
		Thirty Days
		This Time
		Thot on Trial
		Three kingdoms story: Conussia
		Throb of Lovegirl: A Ero Waifu TD
		Through the Lens
		Through the Wall
		Tickle Magnet
		Ticklish Tessa
		Tides of Succession
		Tie Me, Bind Me, HIT ME!
		Tiger Girl Hill Breaker
		Time For You (Time For You - Chapter 01)
		Time Heals
		Time Voyeur
		Timestamps: Lost Love
		Timestamps: Unconditional Love
		Timestop Volleyball
		Timmy's Adventures
		Tit Tap Tingle
		TITRIS and the seven waifus (TITRIS affection)
		Tits and Shadows
		TITS OKAY TITS FINE
		TITS OKAY TITS FINE MILKSHAKE
		TITS OKAY TITS FINE: LEWD ME DARLING
		TITS OKAY TITS FINE: NEED MORE TITS CREAMPIE
		Tittilium
		TitTok Girls
		Titty Crush
		To Be A King - Volume 1
		To Have and to Hold
		To The Light
		To Trust an Incubus
		TOD Fragments: Special Fun
		Together with Oneesan~Yuina's Sweet Encouragement~
		TOKAI Girl -Block Breaking RPG-
		Tokyo College Girls (Tokyo College Girls : The Nerd & Queen Bees)
		Tokyo Cop
		Tokyo Day
		TOKYO FREAK SHOW
		Tokyo Onmyoji -The Tale of Rei Tengenjibashi-
		Tomai
		Tomb 盜墓
		Tomboy: Annoying Childhood Friend
		Tomboy: Love in Hot Forge
		Tomboy: Love in Hot Forge
		Tomboy: Sex in the Forest
		Tomboy: Trapped by Orcs
		Tommy's Tragedy
		TooHot!
		Topless Hentai Mosaic
		Total Control
		Touch and Hypnosis ～ kunochi ninja Kunai ～
		Touch Me
		Touchdown Girls
		Touching Live2D Ork Sex With Lady Knight
		Touching married woman simulator
		Touching the Female Swordsman
		Touhou Kimono Blast
		Tower and Sword of Succubus
		Tower of Boin
		Tower of Hidden Waifus
		Tower of Megami Descents
		Tower of Waifus 2
		Town Girls
		Town of Sins
		Town Rhapsody
		TRACK
		Tragedy of Medusa
		Trailing Girl
		Train and Tame
		TRAIN BATTLE SHOUJO - 末日纏綿 生與死之軌
		Train Capacity 300% 2
		Train Molester Big-Titty Undercover Agent ~Hot and Sexy Prey~
		Trained by a Succubus
		Trainee Witch's Lustful Experiments
		Training Elves
		Training Leah
		Training Space Station
		Transformation Tycoon
		Transformative Summer: Life with a TS Companion
		Transpile Girl Rescue Operation!
		Trash Horror Collection 2
		Travel through the adult game and build a harem
		Treasure Girl 3D
		Treasure Girl 3D 2
		Treasure of a Blizzard
		Treasure of Nadia
		Tree Eater
		Tri City Monsters
		Trials of interspecies Sisters~Erotic exchange with Humans~
		Tribal Ritual
		Trinity of Chaos (SEX MOTEL)
		trip=true
		Triple Otakus Puzzle
		Triple X Tycoon
		Trix and the Horny Tower
		Trophies: A Corruption Tale
		Tropical Monster Girls
		TroubleDays
		True Love '95
		True Puzzle
		Truncheon Titties
		TruXposure VR
		Tsundere Girls
		Tsundere Idol
		TTPP
		Tu invitada alienígena: Mika Nyanami
		TU VECINA
		Tuition Academia
		Tune in to the show
		Tune in to the show Part 2
		Turqu-chan in the Hentai Laboratory
		Tusk of Spirit
		Tutor X Hypnosis
		TutoringNTR!? Having sex with the neighbor's total affirmation sister…!
		Twisted Lovestruck
		Twists of My Life
		TwiwoodTales
		Two Beasts Or Not To Beast!
		Two Clusters Cold Haven
		Two Hot Chicks: an Erotica Porn Space Orgy!
		Two Months of Devil King
		Twyla
		Tyrant Quest (Tyrant Quest - Gold Edition 🔞)
		u4ia (U4iA - Season 1)
		Uchikano - Living With My Lovers
		Uka & Haruka: Hentai Puzzle 18+
		Ultimate Bondage Simulator
		Ultrakanoid
		Ultramarine
		ULYANA'S SHIFT
		Umbranomicon
		Umichan Sentoryu
		Umichan Sorani
		Umichan Two Scoops
		Unaware in The City
		UNBREAKER
		Uncensor Quest
		Uncensor Quest
		Uncensor Quest Neon
		Uncle Heff
		UncleNeighbor
		UncleOffice
		Under Contract
		Under The Hood
		Under the Sky World
		Under the Table
		UnderGirl: Submission Path
		Undress Tournament
		UNDRESS!
		Unexpected Consequences
		Unexpected Futa Corruption
		Unfaithful Wife: Ayano's "Netorare Report" - My gentle wife is fucking another man -
		Unholy Angel
		Unholy Angel 2
		UnHolY JaiL TRPG
		UnHolY PraYeR
		UnHolY ToRturEr
		Uniform Girl
		United by Love's Heart
		Universe in Cum 💦 🌎
		Universe in Cum 2 💦 🌎
		universe_treasure (universe treasure)
		University Days - Season 1
		University King
		University Life Visual Novel
		University of Magic: Faculty of Witches
		University stories
		unknown garden
		Unlock Me
		Unluckily in Love: Fragments of Love
		Unravel 2 (Dream Big 2)
		Unravel Cyndy
		Unraveling Angel
		Unreal Lust Theory
		Unsevered
		Until Chloe, the New Wife, Falls
		Until the Abyss
		Unveiling the Unknown
		Unyielding
		Unyielding Succubus Princess of Arrogance
		Upgrade My Heart
		Uranus
		Usagi Health Club
		Useless Princess and the Village Renovation
		usher.
		USSR CHAN: Hentai Puzzle Game
		UTOPIA 9 - A Volatile Vacation
		UuultraC
		UwU Hunter
		V-LOVER!
		Vacation in Paradise
		Vacation Romance ♥️
		Vae Victis - Khan
		Valenza Family
		Valhalla Lilith Rising 3
		Valkyries
		Valse Des Fleurs: Horror RPG Maker Game
		VAMPIRE FAMILY
		Vampire Girls
		Vampire Nights: Horny Secret
		Vampire Revenge
		Vampire Slave (Vampire's Slave)
		Vampire Slave 1 (Vampire Slave 1: A Yaoi Visual Novel)
		Vampire Slayer
		Vampire Suika Girls (Vampire Suika Girls - Helsing)
		Vampire Syndicate: Gangs of MoonFall
		Vanilla Brain Exam
		Vanilla Brulee & The Rose Bandit
		Vanilla Click
		VanillaBeast: Retro Knock-Out!
		VanimateApp
		VARIANTBIRTH
		Vaygren - Lustful Temptation
		VDoll
		Veil of Ember (夜烬迷航 Veil of Ember)
		Veils of the Past
		Velvet's Veil
		Vengeance ~ In my family's name
		Venture Seas
		Venus in Furs: Sensual Pleasure
		Venus Nightclub
		Veronica's Body
		Vessel Tactics
		VIBRATOR SIMULATOR
		Victoria's Body
		Vikings: Sex and Blood
		Village Slut Transformation (Village Slut Transformation 💫)
		Villain Project
		Villain's Legacy
		Villain's Legacy 2
		Violated Princess
		Violet Girl (Violet Girl - Sexy Encounters)
		Virgin Knight is my Onahole Tonight
		ViRo Playspace
		Virt-U-Mate
		Virtual Drug Dealer
		Virtual Girl - Sex Simulator VR
		Virtual Girlfriend
		Virtual Girlfriend Lia
		Virtual world-Digital girl
		Virus Buster
		Virus Hunter - Adult Only
		Visca's Earth Conquest
		Vivid Days
		Vixen Wars
		Vixens From outer Space
		Void's Calling ep. 1
		Void's Calling ep. 2
		VoidBound
		Volleyball Heaven
		Voluptuous Fantasy
		Voronica Cleans House: a Vore Adventure
		Voronica Goes to Town: a Vore Adventure
		Voyage to Another World (異世界女僕征途)
		Voyeur Villa - Harem Manager
		Voyeur Villa - Living with Monster Girls Edition
		VoyeurSexToons (Voyeur Sex Toons)
		VR Bukkake
		VR Dream Girl
		VR Harem Life ~ Your Room Became a Hang-Out for Girls!? ~
		VR Harem Sex ~Fucking the All Girls Around Me~
		VR Hentai
		VR Hentai 18+
		VR Hentai Cat
		VR Hentai Date
		VR Hentai Girl
		VR Hentai Hot
		VR Hentai Lesbians SEX
		VR Hentai MMA
		VR HENTAI PLAY
		VR Hentai room
		VR Hentai Sex Party
		VR Hentai Simulation
		VR HOT
		VR Kanojo (VR Kanojo / VRカノジョ)
		VR Katherine
		VR Masturbate
		VR Naughty
		VR NSFW
		VR Nudity Camping
		VR Paradise (VR Paradise - Steam Edition)
		VR Rescue Girls
		VR SecretRoom
		VR SEX
		VR Waifu - MuChan
		VRKanojo (VR-Kanojo)
		VSky-X MMORPG
		Vulva Goddess
		Waifu Aim Trainer
		Waifu Beach Bar
		Waifu Breaker
		Waifu Closet
		Waifu Collector
		Waifu Days
		Waifu Desire
		Waifu Discovered 2
		Waifu Fight Dango Style
		Waifu Force
		WAIFU HELL
		WAIFU IMPACT
		Waifu Klondike Solitaire
		Waifu Love
		Waifu Lust
		Waifu Packer
		Waifu Puzzle
		Waifu Puzzles
		Waifu School
		Waifu Secret
		Waifu Secret 2
		Waifu Shop
		Waifu Slumber Party
		Waifu Trainer
		Waifu Uncovered
		Waifu vs Zombies
		Waifu World
		Waifus Smash
		Waifusitter (Waifusitter 🔞 - Furry Collection)
		Wailing Guignol
		Wall ass office simulator
		Wand Out - A 3D Magical Gay Novel
		WANDERER: Broken Bed
		WanderLust
		Wanking Simulator
		Wanking Simulator VR
		Warehouse Seduction
		Warlord
		Warrior's Reward 🗡️
		Wars and Roses
		WastelandElysium
		Water Effect
		Water Girls
		We Are Lost
		WEBCAM LOVE
		Webcam Sex
		WebCum Empire Tycoon 📷 💦
		WebCum Secrets 🔞💦
		Weekend Romance
		WeightWare
		Weirdest Thing
		Welcome to a Sexy, Open World!
		Welcome to Albion!
		Welcome To Cathouse（欢迎来到猫咪花园） (カナリアの幸福理論)
		Welcome to Free Will (Welcome to Free Will - Episode 1)
		WELCOME TO GREEDCORP
		Welcome to Levy
		Welcome to Paradise
		Welcome to Pussy Paradise
		WERK
		Western Girls
		Westview Academy - Season 2
		Westview Academy (Westview Academy - Season 1)
		Wet And Wild
		Wet Beach Pussies
		Wet City
		Wet Cute Girls
		WET GIRLS
		Wet Nightmares
		Wet Passion
		Wet Sand
		Wet Slits
		Wet Waifu
		Whack A Hoe
		What a Legend
		What in HELL is bad?
		What!? My Neighbors Are Demons!!?
		Wheel Of Fates
		Wheel Of Naughtiness
		When All Guys Turned into Girls
		When Sword Sinks Into Flowers
		Where Girls Are Made
		Where it all Began - Season 1
		Where the Heart is (Where the Heart is: Season 1)
		Where the Heart is Season 2
		Where's my Bara Deck?
		Where's My Bara Deck? Hardcastle
		Where's my Futa Deck?
		Where's My Hentai Deck? Castle Hunt
		Where`s my Hentai Deck?
		Whispered Promises ~ 14 Days of Love with Anna
		Whispers of an Elven Captor
		Whispers of Lust
		Whispers Of Sylvan Grove
		Whispers of the Citadel
		Who Murdered My Empress?
		Who We Are Now
		Whore Dealer™ an Wet Porn Erotic Puzzle
		Whorehouse Manager
		Why Is There A Girl In My House?!
		Why Not Both?
		Wicked Island
		Wicked Paradise
		Wicked Subway 🚇
		Wife Massage
		WifeWantsNTR
		Wifey's Dilemma Revisited
		Wild Journey
		Wild Life
		Wild Pussies
		Wild Romance: Mofu Mofu Edition
		WILD SEX: WET GIRLS
		Wild West
		Wild Wet West
		Wine & War
		Wings of Angels
		Wings of Empire
		Wings of Seduction : Bust 'em out!
		Winter ~Life in the Countryside~
		Winter Wonderland
		Winterclaw
		Wintervale Keep
		Wipe Girls 0
		Wish
		WISH Paradise (WISH - Paradise High)
		Wishbound Desires
		Witch 2 Hell Adventure
		Witch 3 Return
		Witch 4 Hotel
		Witch Academy
		Witch Academy Another Battle
		WITCH ACADEMY H
		Witch College
		Witch Halloween
		Witch Hunter Izana
		Witch of the Space Station
		Witch Please: Sex Service
		Witch Potions - Craft of Lust
		Witch Zoe - Hentai Shuffle
		Witch's Dungeon
		Witch’s Lewd Curse
		Witch’s Seed: Goblin Slave Alchemy
		Witches Brew
		Witches Craft
		Witchy Dare
		With Eyes Closed - Season 1
		With Eyes Closed - Season 2
		Withered Flower
		Wizard Girl Anzu
		Wizard Hentai Survivors
		Wizard Lady
		Wizardess Lintiara
		Wojak wants Hentai
		Wolf of Stock Street
		Wolfgirl RoomMate
		Woman's body
		Woman's body 2
		Woman's body 3
		Woman's body: For adults
		Woman's body: For adults 2
		Woman's body: For adults 3
		Woman's Prison
		Women's Prison
		Women's Prison 絕對人權女子監獄 (Women's Prison)
		Wonder Waifu: Ero-Hero NTR
		Wonderful Girls
		Work And Girls
		Working Sakuya
		Workplace Fantasy
		Workplace Rhapsody
		World End Echo
		WORLD HENTAI
		World of relish
		World of Witchcraft
		Worm Nest Plague
		Wormhole Cafe
		Worshippers Of The Gain
		Wrangler
		Wrapturous Adventure (A Yuri BDSM-Theme Game)
		Wrong Number
		Wwbit
		WWTSTB: Streamer (Who wants to strip this babe? Streamer Girl)
		WWTSTB: Teacher
		X Roulette
		X-Angels
		X-MiGuFighters: Stripper Anya (Stripper Anya™ 2 X-MiGuFighters)
		Xastur Spa: Erotic Salon Tycoon
		XCUTE(me)
		Xissai: the Snake Temple
		Xmas Surprise
		XVTM
		XXX Puzzle
		XXX Talent
		XXZ
		yahtzee girl
		Yakuza Rogue: Yokohama massage parlor chapter
		Yandere Goddess: A Snatch Made in Heaven
		Yandere Goth Boss: Valentine's Day
		Yarashii Hotel
		Yasuke Hentai Simulator
		Yaz
		Yearning: A Gay Story
		Yes Brother
		Yes, Master!
		Yesterday's Crossroads
		Yet Another Hentai Puzzle
		Yet Another Hentai Puzzle (Yet Another Hentai Puzzle: PTSD)
		Yet Another Hentai Puzzle: Cyberpunk
		YKMET: Strade
		YOGA SEX PRACTICE
		Yogurt: Wet Dreams
		Yogurt!
		Yokai's Wish
		Yorna: Monster Girl's Secret
		Yoshima: Hentai Simulator
		You are a slave!
		You Are Horny (You Are Horny - Episode 1)
		YOU CAN'T FUCK ON AN EMPTY STOMACH
		You Must be 18 or Older to Enter
		You reincarnated into the game world and fucked the NPCs!-Animation-
		You've been banished.
		Youmu Konpaku & Dungeon of Lewd Creatures
		YOUR ADULT STORE
		Your Anime Waifu
		Your Girl
		Your Otherworldly Harem
		Your Waifu JUICE
		Yozora Rhapsody
		Yu Crossing Animals
		Yu Escape / Monday
		Yuki's Tale
		YUME
		YUME 5 : Spring Festival of Lust
		Yummy Girls
		Yummy Girls 2
		Yummy Girls 3
		Yuri Demon
		Yuri Party!
		Yuri Sword Saga
		Yusha Prototype -原型勇者-
		Yuuki's Party Night
		Yuzi Lims: Hentai
		Yuzi Lims: Puzzle
		Zafira
		Zagamihara
		Zanfium Tower
		Zen: A Gay Sequel
		Zero Chastity: A Sultry Summer Holiday
		Zero End (Zero End: Chapter One)
		Zetria
		Zodiac fantasy
		Zodiac Girls
		Zodiac Hentai - Hellish Memory
		Zoe The Exhibitionist
		Zoey: Horny Roomates
		Zoey: My Hentai Sex Doll
		Zoey: Nightclub Secrets
		Zombie Fooker: Starring Doug Fooker
		Zombie Hunter
		Zombie Shooting Star
		Zombie Survivals [18+]🧟‍♀️🔞
		ZOMBIE! HENTAI! DEFENSE! (Hentai! Zombie! Defense!)
		Zombies & Love
		Zombikini PinballZ
		Альтушка + (Altushka +)
		ВЗЛОМ ЖОПЫ
		Двойная Игра (Double Play)
		Дока 2: Полное проникновение
		Россия наизнанку: Новый год (Russia Inside Out: New year)
		대학 조교 생활 (Teaching Assistant Life)
		버튜버 파라노이아 - Vtuber Paranoia
		헬로 유니버시티 : HELL-O-UNIVERSITY
		アウラルと光の竜～Gathering Light～
		いとこの家 (Cousin's House)
		ウーマンコミュニケーション
		うどんげ異種姦洞窟 (Udonge in Interspecies Cave)
		エクササイズシミュレーターVol1 -猫型ロデオマシンでハッスル大運動会- (ExerciseSimulator Vol.1 - Hustle and Exercise in a Cat-Type Rodeo Machine -)
		エロゲ会社の禁断のセクハラ事情～狙われた新人イラストレーター～
		オーガの野望 ～Ogre's Ambition～
		お姉さんと一緒 (With a VTuber Girl)
		カエルvs壁画娘2　裏階層 (FROG vs Mural Girl 2 The back Layer)
		ガチムチでドスケベな家庭教師のお兄さんと過ごす夏 (Gachi-Natsu/ガチムチでドスケベな家庭教師のお兄さんと過ごす夏)
		ガチムチでドスケベな家庭教師のお兄さんと過ごす春 (Gachi-Haru)
		かつて私たちは地獄のまっただ中でした。
		カプリット球ミニゲームコレクション (Kapuritto-kyu Minigame Collection)
		カモネギ号が魔法剣でいっぱいになる (Magic Sword for Kamonegi-go)
		きみとぼくとかくしごと
		ギャルアンドチェーンソー～GirlAndChainsaw～ (GirlAndChainsaw)
		コイカツ / Koikatsu Party
		サキュバスクエスト ～succubus quest～
		サキュバスヘヴン (Succubus Heaven)
		サキュバスマリーンの搾活～悪魔は魔性のバナナに魅入られ堕ちる～
		シャルドネロマンシア (Chardonnay Romancia)
		シルヴァリオ ラグナロク
		その首輪を離さないで ～狼を食べたい赤ずきんと赤ずきんを食べたい猟師～
		タナトス-Thanatos-
		ダリアの惑溺～団地妻・亜希子が堕ちる事情～
		チェッタ:The Machinery Girl (Chetta: The Machinery Girl)
		デッキ勇者 (Deck Girls Hunters)
		ドリームランド
		ニャンフーガール：トアルデータの奪還 / NyanfuGirl (NyanfuGirl)
		ニンニン☆妖怪大戦争 (Freak☆Ninja Wars)
		ネジ込みシミュレーターTMA01 (NejicomiSimulator TMA01)
		ネジ込みシミュレーターTMA02 (NejicomiSimulator TMA02)
		ネジ込みシミュレーターVol1 -おかっぱ巨乳ちゃんを簡単マウス操作で極太ディルドーにずぽずぽさせる疑似オナホアプリ-【拡張・オナホ化・石化・時間停止】 (NejicomiSimulator Vol.1 (Gapping, Amputee sex slave, Petrify, Time Stop))
		ネジ込みシミュレーターVol4
		ネジ込みシミュレーターVol5 (NejicomiSimulator Vol.5)
		パクっちゃうぞ！！
		ハメ堕ち人妻ナース～忘れたくても体は覚えているマゾ牝の本性～
		ハメ撮りシミュレーター (PORN VIDEO SHOOTING SIMULATOR)
		パラディンリアス (Paladin Lias)
		ファンシーリンシーセンセーション (Fancy Rinshi Sensetion)
		メイジズメイズ　PLAY　～淫魔の洞窟に挑む冒険者～
		メスしかいないエルフの村に迷い込んだら全員孕ませるまで帰れなくなった件 (I Got Lost in an All-Female Elf Village and Can't Leave Until I've Impregnated Everyone)
		モララーのもつ鍋〆のおうどん
		ヨガって！奥様
		ラムネのスクエアダンジョン (Ramune's Square Dungeon)
		一个小镇 (This is a small town)
		三極姬 4 天華繚亂 天命之戀繪卷( Sanoku Hime 4~Tenka Ryouran Tenmei no Koi Emaki
		不獸控制 (No Furry control)
		与从画面中出来的我推Vtuber的同居生活 想跟庶民派的吸血鬼大小姐签下契约
		九型人格 (Ninehouse)
		乡村狂想曲 (VillageRhapsody)
		人妻学園　～営み指導で調教ッ！？ハメ堕ちする清純妻～
		人妻痴汉电车
		人間牧場 Residence
		从画面中出来的我推Vtuber的同居生活 ～兽耳游戏主播是消极者？～
		从画面中出来的我推Vtuber的同居生活 ～梦魔可爱ASMR主播是地雷系？～
		他の男の精液で孕むとき ～襖の向こうで弟に精液を注ぎ込まれている妻～
		他の男の精液で孕むとき２ ―　障子に映る、快感に悶え狂った妻の影　―
		他人的婚约者变成了我的女人 (Other people's fiancee became my woman)
		休闲游戏合集
		传送到别的世界开后宫 (传送到异世界开后宫)
		你的初恋女友 (Your first girlfriend)
		你的老婆 (Your wife)
		光芒世界·暗影中的少女
		兽食欲 (兽食欲Animal appetite)
		兽食欲:链接 (兽食欲:链接 Animal appetite：link)
		冒险的路上总在为爱鼓掌 (冒险的路上总在为爱鼓掌 Adventure road)
		冥婚交友中心《厲鬼的戀愛指南》 (Ghost Marriage Matchmaking)
		冷たい支配の夜～ソウガンキョウ～ Sougankyo: The Night She Took Control (The Night She Took Control ~Sougankyo~)
		勇者と魔法使いとおとぎの絵本 / Fairy Picturebook of Hero and Sorceress (Fairy Picturebook of Hero and Sorceress / 勇者と魔法使いとおとぎの絵本)
		勾八公主狂想曲（J8 Princess Rhapsody）
		古代风流传
		只穿內褲的女室友 (好喜歡每天都看到只穿內褲的女室友們)
		同一天~永無止境的慶功宴~ (The same day~Never-ending celebration party~)
		名偵探三上悠 (Detective Mikami)
		名媛女友-Girlfriend invites (es)
		噗咻噗咻！一起來拯救落難少女吧 (Splash ! Let's Rescue the Fallen Girls)
		地下城与女教师(Dungeons and Female Teachers) (Dungeons and Female Teachers)
		地下城割草 (Don'tGetCaught)
		地味人妻是能幹的阿姨喔！ (Local mom is a slut)
		地牢少女 (Dungeon Girl)
		地狱矿工 Hell Miner (Hell Miner)
		失格冒險者與惡魔之石 (Failed Adventurer)
		失落之白 Eternal Liiivie EP1, 與世隔絕的白族 (Eternal Liiivie - EP1 Liiivie Isolated From the World)
		女拳主義F-ist (Waifu Fighter)
		女王
		女装探偵葉語嫣2 (CrossdresserDetective2)
		奴隶商人
		她与绳 (She and Rope)
		她的爱是一种施舍 (Hers' Alms)
		她的脚 (Her Feet)
		她的连裤袜 (Her Pantyhose)
		妖狐的戀愛學程 (Kon's Lesson!)
		密室监禁 (Room Prison)
		寓言行者 FABLE WALKCR
		寝取られ妻明日香 ～私、他の男の人でこんなに感じちゃってる……～
		寝取られ恋愛事情～上司に絡め取られた乙女心～
		寝取られ病～愛する妻が俺以外の男に中出しされないと助からない奇病になったら～ (NTRsyndrome)
		少女 X 愛 X 麻將 (Mahjong, Sex & Girls)
		少女妖精弹珠台 Elf Girl Pinball
		少女洛璃~危险但合法的初体验~（Fraulein Lolita~First Date With You~） (Fraulein Lolita~First Date With You~)
		少女的求生之路
		少女的求生之路2：血色洋馆 (Girl's Way to Survive 2: Bloody Museum)
		屌打征服異世界 (Swing Hero)
		巫兎 - KANNAGI USAGI -
		帶我去地下城吧！！ (Take Me To The Dungeon!!)
		幸福的二人房 (Happiness Double Room)
		幸运宝石 (Lucky Gem)
		幻夢情旅 (Dreamy Love Voyage)
		幻想中世妓 : Gaudens
		幻想战棋:明日帝国 Srpg of World:The Empire
		幼馴染とイチャラブえっち!! ～初々しかったあの子がド〇乱セッ〇ス中毒に～ (Lovely Sex with Childhood Friend -An innocent girl becomes addicted to lewd play-)
		廁戰勇者 Toilet Battle Hero (Toilet Battle Hero)
		异世界无厘头生活2
		异世界的回响千雪之歌
		异世界的无厘头生活
		彼岸花
		征服者之王 (King of Conquerors)
		復甦之島：愛與勝利 (Resurrection Island: Love and Victory)
		忍の娘 (NINJA GIRL)
		怠惰的怪獸公主不想工作 (Kaiju Princess)
		怪しいマッサージ屋 (SKETCHY MASSAGE)
		恆夜世界的魔法少女 (恆夜世界的魔法少女 Magia Knabino in the Eternal Night)
		恋来い温泉物語 Non-VR Edition (Koi-Koi: Love Blossoms Non-VR Edition)
		恋来い温泉物語VR (Koi-Koi VR: Love Blossoms)
		恐怖の宴 〜美女達に狩られて逝く夜〜 (The Feast of Terror: A Night Hunted by Beauties)
		恥力女戰士 (破廉恥な女戦士アテナ (中文無碼版))
		悪魔と落とし穴-Devil and Pitfall- (Devil and Pitfall)
		惑星游侠-Planet Rogue
		惡魔調酒師 (Demon Speakeasy)
		愛する妻、渚の浮気告白 奥ゆかしい妻のカラダが、あいつの激ピストンでとろけていた真実
		愛する妻、玲奈の浮気告白 『お、俺より気持ち良かったのか…？』→『…うん。凄かった』
		愛する妻、美咲の不倫証拠 『旦那とどっちが気持ちいい？』→『貴方の方が…あっ、ダメッ、またイッちゃうッ…！』
		愛する妻が目の前で他人棒に貫かれ、よがり喘いでいく ～ゴメンなさいあなた。でも、私気持ちいいの…～
		愛する妻の穴は他人の穴だった…… ～美尻を差しだし、兄貴の肉棒をおねだりする淫ら妻～
		慾望21點：牌桌下的暗潮胸湧 (Lustful BlackJack: My Succubus Dealer)
		憧れのガチムチおじさんがボクだけのドスケベママになっちゃった❤
		我的上司有點不正常 (My Boss is Weird)
		我的同學是女優 (My Classmate is AV Actress)
		我的拿汀學姐
		我穿越到了魔法世界 (I crossed over into the world of magic)
		我说什么她们都答应（OKeverything）
		战姬军团
		打工人：美香 (Employee：mika)
		打工妹日记 (work girl打工妹日记)
		抓到冒險者醬了！～Live2D觸手模擬器～ (Apprehending the Adventurer Chan! ~Live2D Tentacles Simulator~)
		拯救安娜行动 (Operation Save Anna)
		挠痒女孩 (Tickle Girl)
		捆绑游戏 (Bondage Play)
		捉妖物语/Monster Girl (捉妖物语)
		捉妖物语2 (Monster Girl2)
		捱光：金瓶梅
		搶奪！把別人的老婆都搶過來
		文若九洲记：艳欲之乡
		新・他の男の精液で孕んでもいいですか…?　２ ～ 全身汗だく浮気セックスで妊娠したウェディングプランナーの婚約者 ～
		新入社員は元ＡＶ女優 ～ドＭな彼女は淫らに堕ちていく～
		无敌职业的我与100个女友 (Unbeatable professional me with 100 girlfriends)
		早洩外甥與性冷感阿姨—肉體交換物語～ (Body swap story—Aunty Yui & Yuto)
		星月之歌2
		星海淫游
		暗黑的克蘿薇 (DARK OF CHROE)
		曹操轉生錄：以曹氏宗親會之名稱霸異世界
		最强法师的独特升级方法 (Unique upgrade method of the strongest mage)
		月藍傳奇REMAKE古文明之謎
		未销售已移除 (GunSoul Girl 2（下架换新应用）)
		某旅行者的偷拍相册 (A traveler's photo album)
		極品采花郎 (Romantic Escapades)
		榜一大哥幻想曲
		橙天の銀翼　～スカイランドの魔女と巫女～
		欲望忍者/Desire Ninja (Desire Ninja)
		死亡禁地 The Dead Zone
		法利恩戰記 Ⅱ (Furion Chronicles Ⅱ) (法利恩戰記2 (Furion Chronicles 2))
		洛國的復興 (The rebirth of Kingdom Lo)
		淫御天下
		淫慾試煉 (Trial of lust)
		淫欲ノ魔塔 (The Cursed Tower of Lust)
		淫魔ネムのChuChu精液探検記
		深淵の探索者 (※)
		温泉旅館のパイズリ怪異 (The Titty-Fucking Hot Spring Ryokan Ghost)
		滩涂地—在魅魔统治的世界追求男♂魂！
		火辣极速 (Hot Speed)
		無知ムチぬえっＸ (Muchi Muchi SEX)
		牝喰いダンジョン - MeguiDungeon -
		牧場與料理 (Farm and Dishes)
		狂愛イノセンス TheBrokenPlatonic
		猎妖美姬 (Sprite Hunter)
		玉英公馆 (Yuying Mansion)
		球球少女 (球球少女/Pinball Girls)
		生殖病棟 (Breeding Hospital)
		百合籠 (Yurikago)
		碎片时间 (碎片时间（Fragment time）)
		票者！小慧的打工大作戰
		種付勇者傳
		筋肉すくい (Macho Scooping)
		米可可大冒險 (The Adventures of MICOCO)
		精靈之妊 -用懷孕征服所有傲慢的精靈- (The Impregnation of the Elves: Conquest of the Arrogant Fairies by Impregnation)
		純愛貓娘的同居生活 (Purrrfect Love)
		素敵な彼女の作り方 (Sutekina kanojo no tsukurikata)
		索罗灵魂之戒
		约拍女神2 / Beautiful Model2 (Beautiful Model2)
		约拍女神3 (Still Model 3)
		约拍女神4 (Private Model - Uniform Hunter)
		终末之名 ending name
		罪人之籠 (Criminal Cage)
		美少女大戦RPG ～mysterious～
		美少女大戦RPG ～party～
		美少女專屬按摩師 (Love Relaxation)
		美尻を揺らし他の男と快楽を貪る淫ら妻 ～ごめんなさい、でもあなたのモノじゃ私満足出来ないの……～
		翔太の毕业季
		老司G -不塞車，只塞你- (Ride Me, Taxi Driver)
		育种村
		背徳シレネ
		背徳シレネ｜Immoral Cyrene
		與我簽約吧！~愛與夢想的主旋律~
		與經紀人戀愛是絕對禁止！
		與色情漫畫家的同居生活 (Roomies with a Naughty Comic Artist)
		色色柴犬 HENTAI SHIBA (HENTAI SHIBA)
		花妖物语/Flower girl
		英雄エンブレム ～Hero Emblem～
		荒島 X 愛 X 求生 (Island, Sex & Survival)
		莎可莉与堕落之都
		華触の典
		菲利斯的堕落日记
		蓝宝石奇遇 Sapphire and girls
		蛇香之夜 ～Allure of MUSK～　第三夜　阿拉伯篇 (Trap of MUSK:Arabia Night)
		蛇香之夜 ～Allure of MUSK～　第二夜　亚洲篇 (Trap of MUSK:Asia Night)
		血族少女也能当圣骑士吗 (Can blood clan girls also become paladins)
		街の灯りの下で (Under the City Lights)
		被車創死的勇者S (Devil Batch)
		西门立志传
		視靈
		視靈 貳 (Vision Ghost 2)
		調教カテイ～性開発された肢体は元カレを忘れられない～
		謎塔魔女
		诸神陨落
		谜语女孩
		贄の町 いろむすび (The Town of Nie Iromusubi)
		起源之塔〜地底的欲望探险之旅〜 (Tower of Origin/起源之塔~地底的欲望探险之旅~)
		超级公务员
		路地裏グローリーホール (Rojiura Glory Hole)
		跳蛋的故事
		轉生打怪學英文(七)-模擬人生大冒險
		轉生打怪學英文(五)(Adventure and study English in a fantasy world)
		轉生打怪學英文(六) (Adventure and study English in a fantasy world VI)
		运动女孩:村庄 (Sports Girl: Village)
		还我河山HeroRagingFire (已下架)
		逃出妙瓦底 (Escape from the Goblin Lair)
		逃家少女~蜜梨與巧克力~
		逍遥 (XYZ)
		邪恶勇者
		都市女友的私密约会 (都市女友的私密约会 An intimate date with an urban girlfriend)
		重回哩世界
		金闪闪萝莉之云顶棋盘 (The golden girl Cloud top board)
		金闪闪萝莉之拉扯舔狗 (The golden girl pulls and licks the dog)
		除靈陰陽師 (Exorcist Onmyoji)
		雙修武林
		雙面夜孃 (Homebody Hostess)
		雨宿り
		零号协议 (零号协议AgreementZero)
		魅App (Succubuzz APP)
		魅惑牌桌 (SeductiveBlackjack)
		魅魔新妻 Succubus Waifu (Succubus Waifu)
		魅魔的冒险生活
		魔女秘药（witch elixir）
		魔物地牢的幸存女孩 (Survivor Girls of Monster Dungeon)
		魔物娘捕获大陆
		魔王の娘達　境界線上のアリア
		魔王救世劍 (Hell Savior)
		黑山房产中介
		黑帮英豪 (Gangsta Hero)
		黒騎士戦記